country,1972,1973,1974,1975,1976,1977,1978,1979,1980,1981,1982,1983,1984,1985,1986,1987,1988,1989,1990,1991,1992,1993,1994,1995,1996,1997,1998,1999,2000,2001,2002,2003,2004,2005,2006,2007,2008,2009,2010,2011,2012,2013,2014,2015,2016,2017
Afghanistan,,,,,,,,,,,,,,,,,,,,,,,,,,,,,,,,,,,11.2,9.52,39.6,29,31.4,35,25.2,22.8,15.1,18.5,,
Albania,,,,,,,,,,,,,,,,,,,,,,,,4.89,3.81,3.8,5.62,,,,6.64,4.64,5.18,,,,,,,5.11,4.4,3.91,4.03,4.11,3.88,
Angola,,,,,,,,,,,,,,,,,,,,,,,,,,,,18.1,4.67,5.73,4.13,14.6,1.8,2.91,7.67,10.6,13.4,8.54,8.5,7.26,6.78,11.6,13.3,4.07,3.83,
Argentina,,,,,,,,,,,,,,,,,,,0.17,0.186,0.215,0.335,0.289,0.233,0.209,0.244,0.243,0.192,0.117,0.105,0.11,0.207,0.334,,,,,,,,,,0.677,0.539,0.52,
Armenia,,,,,,,,,,,,,,,,,,,,,,,,,,,,,,,,,2.81,2.84,3.52,5.7,2.7,6.74,5.53,4.61,3.06,,2.77,3.37,3.3,
Australia,0.438,0.39,0.408,0.703,0.751,0.576,0.405,0.272,0.276,0.156,0.262,0.359,0.313,1.17,1.23,1.26,0.896,0.869,0.962,0.949,1,0.863,0.768,0.878,0.821,0.775,0.788,0.364,0.181,0.00018,0.00032,0.00031,0.0004,0.00072,0.00083,0.0008,0.00083,0.00096,0.00113,0.00098,0.00092,0.00058,0.00083,0.0009,0.00084,
Austria,1.7,1.56,1.4,1.59,1.43,1.41,1.34,1.44,1.49,1.49,1.44,1.4,1.38,1.31,1.32,1.01,0.977,1,0.899,0.867,0.795,0.763,0.745,1.5,1.4,1.26,1.27,1.24,1.18,1.21,1.18,1.13,1.16,1.67,1.52,1.86,2.01,1.95,1.92,1.83,1.7,1.78,1.62,1.68,1.74,
Azerbaijan,,,,,,,,,,,,,,,,,,,,,,,2.57,1.3,0.906,2.96,4.44,3.56,,,,,,,,,11.2,10.2,10.5,14.2,13.1,14.6,13.2,12.1,,
Bahamas,,,,,,,,,,,,,,,,,,,0.989,0.82,0.939,1.39,1.42,1.56,1.66,1.84,1.09,1.18,1.1,1.06,1.06,0.764,1.08,0.983,1.36,1.47,1.62,1.4,1.51,1.93,1.97,2.19,2.22,2.33,1.93,
Bahrain,,,,,,,,,6,7.16,8.16,8.44,7.65,6.4,6.63,5.27,4.45,4.42,4.62,3.47,3.99,3.64,3.72,2.66,2.35,2.47,2.86,3.1,2.05,2.74,4.59,3.53,2.08,,,,,,,,,,,,,
Bangladesh,,,,,,,,,,,,,,,,,,,,,,,,,,,,,,1.92,1.77,1.93,2.09,2.19,2,1.58,1.3,1.46,1.7,1.71,1.98,2.16,2.57,2.34,2.38,
Barbados,,,,,,,,,,,,,,,,,,,,,,,,,,,,,,,,3.89,4.73,2.28,1.24,5.73,1.29,0.822,0.647,0.479,0.624,0.971,0.9,0.877,,
Belarus,,,,,,,,,,,,,,,,,,,,,5.22,5.24,5.25,3.94,4.64,5.69,4.15,3.56,3.27,2.43,0.819,2.24,2.35,3.3,3.27,3.16,2.57,2.11,1.56,0.944,1.33,1.3,1.05,0.83,0.808,
Belgium,,,,,,,,,,,,,,,,,,,,,,,,0.382,0.406,0.395,0.364,0.375,0.351,0.29,0.262,0.26,0.242,0.221,-0.0667,0.281,0.394,0.417,0.348,0.405,0.417,0.35,0.243,0.217,0.235,
Belize,,,,,,,,,,,,,,,,,,,11,14.1,13.6,10.7,8.56,5.89,5.87,4.33,5.12,7.57,9.66,13,10.4,6.53,6.4,3.41,4.11,3.8,4.66,2.86,3.85,5.05,4.49,6.77,7.28,,,
Bhutan,,,,,,,,,,,,27.9,23,30.6,25,,19.6,13.6,12.2,10.8,13.2,12.9,13.3,16.2,13,14.7,11.9,21.8,23.5,28,19.4,16,14,10.4,12.8,12,12.5,10.1,13.5,12.8,15.3,14.3,9.02,8.77,11.2,
Bolivia,,,,,,,,,,,,,,,1.3,0.258,2.31,2.13,2.19,2.31,2.53,3.53,3.88,3.07,3.83,2.33,2.36,2.64,3.09,1.81,2.01,2.17,2.61,3.78,2.85,2.96,,,,,,,,,,
Bosnia and Herzegovina,,,,,,,,,,,,,,,,,,,,,,,,,,,,,,,,,,1.25,1.45,1.81,1.78,2.1,1.57,2.1,2.23,3.4,3.76,1.48,1.82,
Botswana,,,,,,,,,,,,,,,,,,,6.69,5.78,5.87,5.73,5.9,5.58,6.64,,,,,,,,,,5.1,7.19,12.1,14.2,11.1,7.65,6.21,5.38,6.95,7.06,7.46,
Brazil,,,,,,,,,1.62,1.22,1.39,,0.751,0.637,1.88,,,-1.49,-7.98,-4.13,-3.33,-4.28,-3.16,,,-0.301,-0.00209,-0.0186,-0.00932,-0.0138,-0.00895,0.303,0.503,0.611,0.697,0.793,0.897,1.02,0.766,0.494,0.466,0.548,0.563,0.367,0.321,
Bulgaria,,,,,,,,,,,,,,,,,,,-0.282,0.711,1.08,1.02,0.307,0.397,0.295,0.94,2.56,3.46,3.26,3.3,2.73,2.58,2.73,2.63,2.94,3.67,3.64,3,3.15,2.34,2.02,1.86,1.96,1.77,1.5,
Burkina Faso,,,,,,,,,,,,,,,,,,,,,,,,,,,,,,,7.99,8.33,10,9.97,10.6,10.5,7.71,10.3,11,9.4,9.75,12.9,8.05,7.16,6.92,
Burundi,,,,,,,,,,10.3,,,,,,,,,,5.72,5.6,3.93,3.16,6.85,5.92,,,,,,,,,,,,,,,,,,,,,
Cambodia,,,,,,,,,,,,,,,,,,,,,,,,,,,,,,,8.12,6.58,5.63,4.54,4.51,5.94,6.52,8.74,9.41,8.63,8.51,8.76,8.01,7.16,7.24,
Canada,,,,,,,,,,,,,,,,,,,0.868,0.866,0.907,0.903,0.831,0.735,0.513,0.581,0.539,0.551,0.536,0.448,0.503,0.478,0.477,0.486,0.474,0.459,0.278,0.575,0.575,0.52,0.544,0.468,0.122,0.332,0.492,0.475
Cape Verde,,,,,,,,,,,,,,,,,,,,,,,,,,,,,,,,,,8.11,8.72,5.26,8.52,9.76,,,13.9,,,,,
Central African Republic,,,,,,,,,,,,,,,,,,,,,,,,,,,,,,,,,1.18,,,,4.1,4.24,7.11,3.42,6.96,,,,,
Chile,8.11,5.81,7.18,4.46,2.02,2.62,3.03,1.79,1.65,1.44,1.59,1.74,2.05,2.35,2.38,1.81,1.97,1.79,1.7,1.93,2.21,2.61,2.65,2.45,2.72,2.72,2.81,2.69,2.13,2.15,2.11,1.92,1.7,1.72,1.65,1.96,2.12,2.51,2.08,2.12,2.03,1.94,1.98,2.27,2.08,
China,,,,,,,,,,,,,,,,,,,,,,,,,,,,,,,,,,,,,,,,,,0.0616,0.052,0.0352,,
Colombia,,,,,,,,,,,,,,,,,,,,,,,,,,,2.25,2,1.68,,,0.662,,,,,3.8,4.38,1.52,1.1,-2.11,1.94,1.73,1.42,-0.493,
"Congo, Dem. Rep.",1.62,3.07,4.18,1.85,2.62,1.92,1.67,1.67,2.14,3.3,2.55,,,,,,2.35,2.14,,,,,,,,,,,,,,,,,,,,,,,,,,,,
"Congo, Rep.",,,,,,,,,,,,,,,,,,,,,,,,,,,,,,10,9.09,5.2,9.18,6.46,8.33,8.57,8.36,8.86,8.32,12.9,16.4,18.2,23.7,14.5,9.4,
Costa Rica,,2.66,3.25,2.86,3.72,3.15,2.65,3.59,3.45,2.91,1.77,2.61,2.8,2.29,2.16,1.64,1.29,1.61,1.36,1,1.01,1.19,1.27,1.17,1.13,1.39,1.2,1.63,1.63,1.39,1.85,0.941,1.13,1.01,0.951,1.32,3.58,2,1.48,1.34,1.38,1.48,2.1,,,
Cote d'Ivoire,,,,,,,,,,,,,,,,,,,,,,,,,,,,,,,,2.42,2.98,2.6,2.57,2.56,2.77,2.62,2.78,2.35,4.48,6,5.63,2.18,2.62,
Croatia,,,,,,,,,,,,,,,,,,,,,,,,1.75,1.84,1.76,2.09,2.85,1.85,0.851,2.9,3.44,3.34,2.48,2.08,2.42,1.22,1.09,0.813,1.01,0.947,1.1,0.97,,,
Cyprus,,,,2.67,4.16,4.17,4.3,4.95,4.5,4.16,3.3,3.62,3.72,3.18,3.94,3.43,3.32,3.14,5.49,4.82,4.73,4.79,4.81,6.94,8.22,8.05,4.23,4.65,4.77,4.61,5.18,5.74,5.4,4.62,4.52,3.95,4.3,3.37,3.54,3.03,2.1,0.687,1.49,1.63,2,
Czech Republic,,,,,,,,,,,,,,,,,,,,,,1.17,1.54,2.76,1.79,1.56,1.8,2.04,2.56,2.25,2.45,5.53,2.64,3.11,2.91,2.74,3.04,2.88,2.43,2.11,2.09,1.72,1.53,2.58,1.83,
Denmark,1.14,0.984,0.99,1.05,0.679,0.815,0.631,0.601,-0.13,0.697,0.995,0.932,0.62,0.719,0.336,0.489,0.508,0.497,0.613,0.725,0.987,0.817,0.83,1.81,1.85,1.71,1.57,1.61,1.54,1.29,1.4,1.35,1.42,1.26,1.37,1.74,1.62,1.62,1.78,1.71,2.04,2.01,2.2,2.02,2.17,
Dominican Republic,6.05,6.44,6.98,7.9,5.48,,4.56,2.64,2.65,2.74,1.94,1.55,1.8,1.78,2.01,5.81,6.83,5.95,4.64,3.05,3.22,4.23,4.7,3.91,3.97,2.47,2.13,2.7,2.1,2.43,2.43,1.55,2.22,2.07,2.59,3.03,3.92,2.68,3.02,2.91,5.16,2.87,2.13,2.28,1.82,
Egypt,,,,3.09,11,3.41,4.62,2.81,,4.21,2.59,2.92,3.08,2.5,3.08,2.53,2.82,2.17,2.38,2.14,1.28,1.22,4.51,4.21,3.97,3.93,,,,,4.86,4.6,4.26,3.74,2.89,2.83,3.83,4.17,4.02,2.92,2.15,2.13,2.48,2.53,,
El Salvador,,,,,,,,,,,,,,,,,,,,,,,,,,,2.42,1.43,1.53,1.93,3.32,2.96,2.65,3.55,2.41,1.9,1.73,1.62,1.5,2.05,1.21,2.27,2.38,1.82,1.32,
Equatorial Guinea,,,,,,,,,,,,,,,,,,,,,,,,,,,,,,,,,,,14.4,16.3,15.7,31.6,25.6,22.5,28.1,22.7,21.8,21.1,,
Estonia,,,,,,,,,,,,,,,,,,,,,,,,4,3.32,3.1,3.6,3.07,2.91,2.86,3.9,3.62,2.57,2.96,3.22,3.84,4.28,4.35,2.2,2.23,4.39,3.21,3.68,3.72,3.33,
Ethiopia,,,,,,,,,,,,,,,,,,,3.04,2.55,1.19,2.34,4.32,4.71,4.62,4.82,4.07,2.83,,5.67,4.94,5.46,5.58,5.54,4.98,4.8,3.75,4.2,5.88,5.8,2.57,4.13,,,,
Fiji,,,,,,,,,,,,,,,,,,,2.41,4.69,3.86,2.33,2.42,1.91,2.33,,,,,,,,,2.85,2.18,,,,3.23,3.52,3.3,2.54,2.84,3.13,,
Finland,2.35,1.99,1.79,1.95,1.65,1.71,1.41,1.53,1.51,1.5,1.48,1.74,1.36,1.3,1.33,1.26,1.32,1.22,1.17,1.21,1.15,0.944,0.904,2.4,2.43,2.52,2.32,2.16,1.89,1.6,1.77,1.82,2,1.81,1.52,1.65,1.64,1.82,1.6,1.6,1.76,1.77,1.71,1.46,1.53,
France,1.11,0.73,0.808,1.03,0.733,0.566,0.665,0.658,0.965,0.792,0.848,0.879,0.785,0.853,0.898,0.722,0.728,0.832,1.13,1.01,0.989,0.794,0.78,2.07,2.08,1.75,1.89,1.79,1.7,1.74,1.82,1.82,1.77,1.73,1.6,1.55,1.57,1.85,1.92,1.7,1.68,1.63,1.57,1.52,1.55,
Gambia,,,,,,,,,,,,,,,,,,,6.42,,,,,,,,,,,2.66,5.96,6.25,6.32,4.07,3.02,2.8,2.96,4.89,,,,,,,,
Georgia,,,,,,,,,,,,,,,,,,,,,,,,,,1.65,-0.125,0.192,0.65,0.0749,1.34,1.1,2.53,0.199,2.02,1.61,1.7,4.15,4,2.97,1.97,2.41,1.98,1.16,1.16,
Germany,0.722,0.641,0.673,0.706,0.562,0.567,0.549,0.526,0.516,0.444,0.425,0.423,0.399,0.402,0.377,0.369,0.343,0.33,0.328,0.832,0.825,0.772,0.666,0.639,0.609,0.521,0.585,0.635,-1.81,0.593,0.566,0.626,0.56,0.635,0.647,0.538,0.591,0.744,0.54,0.716,0.742,0.665,0.6,0.637,0.657,
Ghana,,,,,,,,,,,,,,,,,,,,,,,,,,,,,,12.8,6.12,6.4,9.11,8.82,6.07,6.59,4,6.21,6.28,4.4,,,4.07,6.83,,
Greece,4.63,4.73,3.8,4.51,4.57,4.5,4.23,3.87,3.6,4.1,3.21,3.66,3.83,3.54,2.88,2.75,2.57,3.03,2.51,,,,,3.32,3.36,3.54,4.63,5.52,4.68,4.8,4.93,5.82,5.26,3.93,3.82,4.07,4.64,4.1,2.8,2.01,1.95,4.08,3.31,3.82,2.93,
Guatemala,,,,,,,,,,,,,,,,,,,0.905,0.807,0.74,1.03,0.94,1.32,1.02,1.39,1.43,1.58,1.23,1.12,0.929,0.714,0.658,0.806,1.61,1.78,1.88,1.76,1.84,1.76,0.94,-0.84,0.956,0.433,0.255,
Honduras,2.35,2.56,3.4,4.6,4.21,,,,,,,,,,,,,,,,,,,,,,,,,,,2.95,2.76,2.78,1.8,2.29,2.99,3.09,2.15,2.03,1.87,2.94,2.29,2.11,,
Hungary,,,,,,,,,,,,,,,,,,,,1.86,1.82,4.04,2.26,1.34,1.53,1.55,1.76,1.2,1.94,2.38,3.03,1.84,2.13,2.52,3.16,2.79,1.87,2,1.48,1.58,2.46,2.76,3.43,4.19,1.97,
Iceland,2.61,3.79,2.83,2.71,1.51,2.13,1.63,1.59,1.88,1.92,2.04,1.92,1.86,1.91,1.45,1.24,1.3,1.17,1.6,1.62,1.39,1.75,1.75,1.48,1.59,1.07,1.68,1.78,1.53,1.93,1.74,2.03,1.71,1.26,1.29,1.63,1.96,1.93,1.4,0.751,0.811,1.53,1.77,1.81,1.75,
India,,,0.906,0.726,0.593,0.42,0.452,0.427,0.424,0.489,0.517,0.523,0.634,0.591,0.778,0.515,0.532,0.471,0.43,-0.0616,0.129,0.348,-0.206,0.193,0.262,0.219,-0.0587,0.236,0.141,-0.0819,0.278,-0.217,0.286,0.476,0.451,-0.284,0.555,0.131,0.194,0.247,0.227,0.049,,,,
Indonesia,5.3,5.02,4.11,7.23,8.9,7.23,9.01,9.48,10.3,12.6,9.19,8.82,6.72,8.28,9.57,8.99,8.96,7.89,7.07,6.93,8.38,5.96,6.2,4.97,4.27,4.18,4.78,,,,2.03,3.4,2.63,,,,1.47,1.35,1.17,1.5,1.68,1.89,1.47,2.15,1.24,
Iran,8.29,8.57,8.11,11.7,10.9,15.2,12.3,7.13,7.7,7.81,8.19,7.96,5.58,4.33,4.04,3.6,3.13,3.08,4.52,4.55,4.54,6.34,6.85,6.83,6.46,6.01,4.49,5.8,4.38,3.51,5.87,5.45,4.51,6.42,6.59,5.22,5.9,5.29,,,,,,,,
Iraq,,,,,,,,,,,,,,,,,,,,,,,,,,,,,,,,,,,,,,,,,,,15.8,9,7.71,
Ireland,0.908,1.05,1.15,1.09,0.778,0.883,1.14,1.21,1.31,1.22,1.3,0.921,0.759,0.864,0.763,0.683,0.471,0.317,0.452,0.433,0.404,0.428,0.494,0.604,0.649,0.574,0.749,0.863,0.946,1.06,1.12,0.935,0.872,1.06,1.16,1.51,2.23,1.42,1.45,1.27,1.21,1.35,1.83,1.34,1.55,
Israel,,,1.52,1.08,1.64,1.15,0.696,0.741,0.647,0.478,0.722,0.547,0.424,0.35,0.325,0.377,0.0771,0.465,0.833,1.19,1.01,0.853,0.916,0.896,0.939,0.812,0.863,0.768,1.01,1.35,1.38,1.47,1.06,0.847,0.707,0.672,0.69,0.645,0.378,0.323,0.605,0.555,0.661,0.339,0.502,
Italy,,1.31,1.44,1.64,1.43,1.39,0.279,0.358,0.379,,,,,,0.95,0.883,0.933,0.818,,,,,,1.16,1.13,1.09,1.11,1.18,-0.0202,1.06,0.453,1.03,0.958,1.06,1.04,1.1,1.2,1.54,1.3,1.31,1.01,0.965,1.01,0.901,0.976,
Jamaica,,,,,,,,,,,,,,,,,8.18,6.06,4.16,4.78,5,3.41,3.26,3.42,4.06,4.07,2.15,2.42,2.21,2.2,1.5,0.853,1.73,2.21,3,4.67,4.15,3.23,4.82,4.29,2.87,2.58,1.49,1.97,2.38,
Japan,1.08,0.822,0.946,1.02,0.953,1.03,1.14,1.09,1.04,0.96,0.915,0.889,0.818,0.765,0.809,0.945,0.852,0.744,0.766,,,,1.39,1.49,1.39,1.27,1.43,1.58,1.55,1.45,1.47,1.41,1.3,1.35,1.28,1.24,1.3,1.47,1.25,1.26,1.22,1.4,1.26,1.15,1.14,
Jordan,,,,,,,,,,,,,,,,,,,4.9,6.69,5.24,5.89,5.18,5.04,5.07,4.3,4.92,4.42,3.98,4.76,3.39,3.56,3.35,3.8,3.38,3.54,1.11,5.4,2.86,3.58,1.75,2.69,2.52,2.47,2.2,
Kazakhstan,,,,,,,,,,,,,,,,,,,,,,,,,,-2.38,-2.27,-0.837,-0.286,0.402,1.49,1.91,1.99,,,,,,1.4,1.29,1.25,1.4,1.24,1.01,1.18,
Kenya,,,,,,,,,,,,,,,,,,,,,,,,,,,,,,,,,,,,,,,,,,,5.16,7.87,4.58,
Kiribati,,,,,,,,,,,,,,,,,,,,,,,,,,,,,,,,,,,,,,,1.98,5.71,4.92,4.39,3.54,3.93,6.02,
Kuwait,5.12,5.49,3.93,,,6.81,13.2,7.47,8.78,12.4,17.8,15.1,15.5,14.1,18.4,11.9,6.86,5.61,6.95,1.89,8.72,5.13,3.79,3.97,2.85,2.5,2.83,,,4.01,3.96,4.02,3.79,,,,4.15,4.76,6.19,4.74,4.28,4.13,5.1,7.57,,
Kyrgyz Republic,,,,,,,,,,,,,,,,,,,,,,,,,,,,,,,,,,,,,,,,,,4.55,5.97,6.17,6.91,
Latvia,,,,,,,,,,,,,,,,,,,,,,,0.742,1.82,2.31,1.32,1.51,1.56,1.62,1.37,1.22,2.67,3.54,3.39,5.3,5.33,3.34,2.1,2.16,3.45,3.55,3.14,3.38,4.9,3.58,
Lebanon,,,,,,,,,,,,,,,,,,,,,,,,,,,5.89,5.92,3.92,2.05,3.01,3.19,3.67,2.27,2.87,2.09,2.03,1.6,1.79,1.92,1.76,1.87,2.23,1.76,1.74,
Lesotho,,,,,,,,,,,,,,,,,,,,,,,,,,,,,,,,6.15,4.69,6.53,4.71,9.96,8.62,11.5,12.1,15.6,16.4,14.6,11,12.2,10.6,10.2
Liberia,,,,,,,,,,,,,,,,,,,,,,,,,,,,,,,,,,1.01,0.327,1.3,1.23,,1.31,2.6,1.91,0.812,,,,
Lithuania,,,,,,,,,,,,,,,,,,,,,,,,2.4,1.73,1.38,1.44,2.11,2.03,1.26,1.9,2.1,2.52,2.8,3.11,3.73,3.48,2.78,2.56,2.35,1.95,2.14,2.1,2.55,1.97,
Luxembourg,2.3,2.53,2.06,2.17,2.26,2.21,2.41,2.28,3.37,2.57,2.88,2.79,2.23,2.16,1.89,2.12,2.34,1.93,1.99,2.04,2.57,2.46,2.15,2.15,2.95,2.29,2.83,2.46,2.26,0.954,2.83,3.14,2.98,3.2,2.39,2.21,2.3,2.7,3.27,2.72,2.66,2.21,2.33,2.55,2.49,
Madagascar,,,,,,,,,,,,,,,,,,,,,,,,,,,,,,,,,,,,,9.15,3.87,4.38,3.6,2.34,2.66,3.3,3.01,4.43,
Malawi,,,,,,,,,,,,,,,,,,,,,,,,,,,,,,,,,,,,,,5.58,5.96,5.34,5.21,5.44,4.41,4.92,4.99,5.95
Malaysia,,,,,,,,,,,,,,,,,,,,,,,,,3.13,3.53,4.07,4.89,5.09,7.43,9.02,9.34,6.21,5.63,5.94,6.08,5.59,6.72,6.2,5.22,4.81,4.11,3.56,3.43,3.26,
Maldives,,,,,,,,,,,,,,,,,,,17.2,23.3,20.7,19.9,16.1,17.8,13.8,12.5,12.8,13.6,11.7,8.68,8.9,8.75,6.18,7.37,6.99,7.23,9.76,7.75,7.6,7.54,,,,,,
Mali,,,,,,,,,,,,,,,,,,,,,,,,,,,,,8.55,6.55,7.29,7.82,8.37,8.04,9.01,11,6.72,7.82,7.15,7.15,2.11,5.95,2.8,6.77,9.17,
Malta,4.83,4.9,4.41,10.1,8.61,5.35,6.13,,5.46,3.5,4.16,5.71,7.16,7.29,8.04,8.78,6.74,9.69,29.5,27.8,12.7,12.5,12,6.39,7.86,8.64,10.1,10.8,8.95,7.81,9.14,10.3,6.91,8.65,8.46,7.26,2.15,1.94,1.99,2.45,2.98,2.52,3.19,3.77,2.29,
Marshall Islands,,,,,,,,,,,,,,,,,,,,,,,,,,,,,,,,,,,,,9.05,10.7,10.2,7.52,3.99,3.82,2.94,3.77,3.08,
Mauritius,,,,,2.75,4.15,3.83,3.12,2.93,3.28,2.51,2.06,1.6,2.55,2.12,2.39,2.5,3.06,3.55,3.54,3.96,3.55,3.55,3.22,2.99,3.16,1.94,1.15,1.58,2.73,2.97,3.85,3.24,2.43,2.23,1.75,1.82,2.15,3.04,3.34,3.48,3.8,3.03,0.91,1.44,
Mexico,1.95,2.32,2.11,2.18,2.33,2.49,3.08,3.29,4.05,4.21,3.32,1.73,1.89,1.65,1.67,1.41,1.06,1.13,1.06,1.18,1.1,0.94,1.01,0.736,0.73,0.798,0.559,0.44,0.391,,,,,,,,0.507,0.645,0.656,0.744,0.697,0.59,0.736,0.647,0.508,
"Micronesia, Fed. Sts.",,,,,,,,,,,,,,,,,,,,,,,,,,,,,,,,,,,,,5.84,14.6,18.6,18.6,18.8,12.7,7.13,6.06,11.5,
Moldova,,,,,,,,,,,,,,,,,,,,,,,,,,0.695,2.01,-0.2,-0.0212,0.318,,2.51,1.73,1.94,2.26,3.98,3.62,2.41,1.57,1.33,1.41,1.27,1.16,0.676,1.87,
Mongolia,,,,,,,,,,,,,,,,,,,,,1.48,3.93,2.29,2.74,2.77,1.47,1.6,2.63,2.2,3.04,5.56,7.31,,,11.7,8.34,8.88,6.48,5.21,8.38,7.67,5.65,5.62,4.11,7.92,
Morocco,,,,,,,,,,,,,,,,,,,6.71,5.24,5.72,5.28,4.74,3.03,,1.43,2.81,3.22,,,3.33,2.89,2.8,2.87,2.75,2.94,3.71,4.3,3.76,4.41,5.43,5.09,5.37,0.227,5.66,
Mozambique,,,,,,,,,,,,,,,,,,,,,,,,,,,,,,,,,,,,,,,6.66,7.14,6.59,9.96,,,,
Myanmar,,,,,,,,,,,,,,,,,,,,,,,,,,,,,,,,4.59,4.8,5.35,,,,,,,7.6,7.64,6.92,6.07,4.71,5.4
Namibia,,,,,,,,,,,,,,,,,,,,3.88,4.51,,,,,,,3.93,3.46,3.43,3.17,3.14,2.72,2.73,3.1,3.04,4.18,4.82,4.49,4.56,3.3,4.36,6.46,6.24,4.04,
Nepal,,,,,,,,,,,,,,,,,,,,,,,,,,,,,,,,,,,,,,,3.87,3.6,3.36,3.2,3.38,4.15,5.43,7.77
Netherlands,,1.24,1.04,1.16,1,0.834,0.833,0.891,0.951,0.94,0.806,0.822,0.953,0.777,0.673,0.618,0.533,0.528,0.566,0.552,0.498,0.591,0.674,1.57,1.62,1.65,1.3,1.68,1.06,1.85,1.95,1.9,1.7,1.43,1.52,1.49,1.59,1.73,1.75,1.65,1.52,0.884,1.38,1.38,1.49,
New Zealand,2.36,2.28,3.04,2.53,2.08,2.04,1.94,1.59,1.57,1.52,1.55,1.52,1.45,1.76,1.44,1.43,1.18,,,,,,,,,,,,,,2.18,1.62,1.79,2.08,2.14,2.03,1.98,2.08,2.01,1.69,1.66,1.59,1.8,1.9,1.95,
Nicaragua,,,,,,,,,,,,,,,,,,,1.97,1.96,3.36,2.45,2.16,2.25,2.8,2.24,2.54,4.1,4.63,3.6,3.25,4.25,4.61,4.17,2.71,2.87,2.09,2.15,1.99,1.76,1.9,2.04,2.3,2.38,2.71,
North Macedonia,,,,,,,,,,,,,,,,,,,,,,,,,,,,,,,,,,1.78,1.95,2.46,2.91,2,1.71,2.23,3.07,2.54,2.53,2.46,1.94,
Norway,1.48,1.33,1.36,1.32,1.35,1.43,1.42,1.17,1.23,1.18,1.11,1.15,1.13,1.23,1.28,1.42,1.6,1.82,1.74,1.91,1.98,1.64,1.52,2.4,2.31,2.24,2.49,2.23,1.71,1.54,2.1,2.14,2.12,2.02,2.09,2.19,2.24,2.64,2.18,2.22,2.15,2.37,2.66,2.83,3,
Pakistan,,,,,,,,,,,,,,,,,,,,,,,,,,2.8,2.61,2.35,1.6,1.2,1.7,1.47,1.47,1.7,2.75,2.46,2.46,2.06,2.15,1.21,,,,,,
Palau,,,,,,,,,,,,,,,,,,,,,,,,,,,,,,,,,,,,,7.54,5.73,10.8,7.38,8.21,4.4,4.55,4.81,5.7,
Palestine,,,,,,,,,,,,,,,,,,,,,,,,,,,,,,,,,,0.221,0.05,0.0377,0.285,0.157,0.0772,0.513,0.283,0.234,0.286,0.255,,
Papua New Guinea,,,,,,,,,,,,,,,,,,,3.48,5.3,2.86,2.65,1.01,1.73,0.625,2.02,3.4,1.55,0.228,1.63,3.04,,,,,,,,,,,,5.3,3.17,2.47,
Paraguay,,,,,,,,,,,,,,,,,,,,,,,,,,,,,,,,,,1.56,1.58,1.48,1.09,1.72,1.67,1.74,2,2.12,2.2,2.3,2.48,2.77
Peru,2.81,1.88,2.61,2.05,2,2.86,2.15,2.57,3.4,3.86,3.57,3.22,3.26,2.62,2.72,2.09,1.24,1.9,1.09,1.36,1.49,2.82,3.09,1.28,-1.26,1.59,2.33,2.41,1.76,1.23,0.756,1.44,1.18,1.34,1.05,1.12,1.28,1.75,2.07,2.01,1.64,1.62,2.01,1.72,0.993,
Philippines,,,,,,,,,,,,,,,,,,,2.45,2.86,3.31,2.45,,,,,,,2.36,1.88,2.14,1.64,1.76,1.53,1.51,2.02,2.14,2.48,2.37,1.57,2.12,2.17,2.09,2.48,3.26,
Poland,,,,,,,,,,,,,,,,,,,,,,,0.938,1.48,1.6,1.65,1.68,0.302,0.17,1.17,1.25,1.33,1.44,1.71,1.85,2.45,2.55,2.39,2.75,3.14,2.49,1.92,2.01,2.25,2.07,
Portugal,,,,1.17,2.18,,1.28,1.3,1.32,1.45,1.28,1.19,1.22,0.926,1.26,1.25,1.21,1.68,1.75,,,,,2.85,3.13,3.4,3.16,2.89,2.26,2.65,1.87,2.34,2.68,2.15,1.95,1.63,1.03,2.54,3.56,2.06,1.34,1.04,1.06,1.28,0.659,
Romania,,,,,,,,,,0.0305,0.0301,0.00768,0.00711,0.00465,0.00525,0.00521,0.00618,0.00725,0.147,0.918,1.24,1.58,2.18,3.34,3.09,1.92,1.25,1.81,3.29,2.53,2.69,2.9,2.16,2.34,3.57,3.51,4.14,3.7,3.57,2.61,2.29,2.39,2.15,2.31,1.8,
Russia,,,,,,,,,,,,,,,,,,,,,,,0.859,0.367,,,0.666,0.858,1.07,1.78,2.17,2.34,0.206,1.22,1.84,3.95,8.13,1.67,3.09,5.21,2.98,2.42,2.64,3.46,2.54,
Rwanda,,,,,,,,,,,,,,,,,,,6.28,7.44,5.22,,,,,,,,,,,,,,,,,,,,,,11.3,11.3,9.24,
San Marino,,,,,,,,,,,,,,,,,,,,,,,,,,,,,,,0.246,1.81,2.01,1.85,2.1,2.2,,,,,,,,,,
Saudi Arabia,,,,,,,,,,,,,,,,,,,,,,,,,,,,,,,,,,,,,,,8.58,9.65,7.39,9.39,11.3,8.57,5.55,
Senegal,,,,,,,,,,,,,,,,,,,,,,,,,,,,,,,,,,,,,,,,,,,,6.9,,
Serbia,,,,,,,,,,,,,,,,,,,,,,,,,,,,,,,,,,,,2.69,1.79,1.38,1.65,1.53,1.74,,,,,
Seychelles,,,,,,,,,,,,,,9.81,13.9,5.78,5.77,9.45,,,,10,4.79,1.76,7.35,8.46,11.3,12.2,10.9,,,,,4.15,5.54,4.74,2.63,2.91,4.02,4.75,4.58,4.14,4.04,4.4,4.77,
Singapore,0.976,-0.0673,0.616,0.517,2.76,3.11,3.4,2.24,3.12,1.7,1.27,3.17,5.72,-1.84,-5.84,4.64,1.87,1.3,-2.23,-1.77,-2.61,-3.48,-5.29,-5.35,-4.59,-7.04,0.323,0.665,-1.07,0.691,0.48,0.57,0.525,-0.787,-1.31,-4.01,-1.72,1.18,-3.1,-4.83,-3.36,-3.19,-2.23,-2.13,-1.02,
Slovak Republic,,,,,,,,,,,,,,,,,,,,,,,,2.83,2.21,5.47,4.43,2.87,3.07,3.4,2.75,2.32,2.28,2.41,2.54,2.17,2.34,2.64,2.22,2.37,2.38,2.62,2.87,4.86,2.78,
Slovenia,,,,,,,,,,,,,,,,,,,,,,,1.92,3.01,2.89,2.59,2.49,2.47,2.18,1.89,2.24,2.35,2.57,2.26,2.62,2.93,2.68,2.69,2.51,2.29,2.18,2.55,2.24,2.73,1.82,
Solomon Islands,,,,,,,,,,,,,,,,,,,,,,,,,,,,,,,,,,,,,,,,1.71,4.05,11.3,9.68,10.8,9.87,
South Africa,2.69,2.22,2.32,2.57,2.55,2.41,2.14,1.98,1.87,2.06,1.89,1.86,1.79,1.93,2.1,1.63,1.55,1.28,1.42,1.42,1.14,1.06,0.574,0.877,0.749,0.764,0.751,0.531,0.497,0.627,0.554,0.596,0.527,0.638,0.615,0.583,0.662,0.598,0.674,0.779,0.99,0.91,1.01,1.11,0.893,
South Korea,1.92,1.14,0.961,1.22,1.2,1.34,1.34,1.26,1.27,1.17,1.55,1.35,1.29,1.03,1.16,1.14,0.878,0.954,0.825,1.15,0.936,0.871,0.907,0.93,1.28,1.3,1.34,1.89,1.22,1.23,1.02,1.22,2.03,1.05,0.909,1.56,1.59,1.05,1,0.934,1.71,1.71,1.68,1.67,1.51,
Spain,1.79,1.58,1.57,1.69,1.43,1.68,1.38,1.18,1.19,1.39,1.51,1.49,0.93,1.19,1.1,1.22,1.18,1.47,1.63,1.67,1.22,1.27,1.04,1.83,1.26,1.33,1.12,1.16,1.16,1.13,1.16,1.17,1.39,1.32,1.32,1.4,1.5,1.52,1.43,1.23,0.916,0.757,0.667,0.756,0.625,
Sri Lanka,,,,,,,,,,,,,,,,,,,3.63,3.77,2.96,4.12,2.89,3.37,2.72,2.83,3.16,2.98,2.62,2.56,1.59,1.98,1.93,3.59,2.98,3.1,2.92,2.97,2.47,2.8,2.01,2.63,2.27,2.86,2.73,
St. Kitts and Nevis,,,,,,,,,,,,,,,,,,,1.86,2.48,2.51,2.92,2.28,,,,,,8.29,7.44,4.39,6.34,5.48,6.28,5.75,7.01,5.69,5.18,3.77,2.39,2.26,5.18,4.59,,,
St. Lucia,,,,,,,,,,,,,,,,,,,,,,,,,,,,,5.99,5.04,4.81,6.48,5.35,7.64,7.31,6,4.46,5.29,3.43,6.29,5.46,6.14,4.6,,,
St. Vincent and the Grenadines,,,,,,,,,,,,,,,,,,,,,,,,,,,,,3.15,4.06,4.25,5.68,5.05,5.46,5.92,7.07,6.14,5.74,4.21,2.88,2.61,6.03,5.79,,,
Sweden,1.41,1.48,1.35,1.21,1.3,1.39,1.26,1.07,1.06,0.923,0.943,0.918,0.921,0.584,0.615,0.634,0.624,0.476,0.55,0.484,0.475,0.505,-0.557,3.18,2.76,2.59,1.85,2.56,2.35,2.45,2.57,2.6,2.63,2.55,2.5,2.4,2.42,2.55,2.58,2.42,2.44,2.34,2.21,2.08,2.1,
Switzerland,0.306,0.273,0.314,0.201,0.199,0.163,0.201,0.179,0.151,0.144,0.142,0.147,0.211,,,,,,1.16,1.14,1.12,1.02,1.03,1.05,0.952,0.877,0.851,0.818,0.626,0.688,0.745,0.722,0.747,0.718,0.694,0.661,0.977,0.971,0.926,0.989,0.837,0.954,0.931,0.923,0.941,
Tanzania,,,,,,,,,,,,,,,,,,,,,,,,,,,,,,,,,,,,,,2.95,2.54,1.75,3.06,2.05,0.712,0.414,0.193,0.245
Thailand,4.16,2.79,2.19,2.07,2.75,3.59,3.38,3.18,3.44,3.6,3.84,3.39,3,3.52,3.18,2.58,2.04,1.82,2.3,2.86,3.21,4.12,4.8,4.86,5.15,7.1,5.9,4.67,3.86,3.21,2.84,2.11,1.79,2.5,2.34,2.03,1.74,2.4,2.7,2.06,2.08,2.02,2,2.72,1.48,
Timor-Leste,,,,,,,,,,,,,,,,,,,,,,,,,,,,,,,,,,,,,,,32.1,60.1,47.9,25.6,29.8,20.3,40,
Togo,,,,,,,,,,,,,,,,,,,,,,,,,,,,,,,,,1.42,4.03,3.27,1.89,3.37,5.8,5.93,7.9,8.85,7.6,,11.2,12.5,
Tonga,,,,,,,,,,,,,,,,,,,,,,,,,,,,,,,,,,,,,,,,,,8.21,3.48,5.98,8.93,
Trinidad and Tobago,,,,,,,,,,,,,,,,,,,,,,,,,,,,,,1.33,1.18,1.28,1.61,2.26,3.41,5.27,5.08,6.24,3.71,4.26,2.79,,3.76,,,
Tunisia,2.93,3.77,3.78,5.43,5.73,6.36,6.88,5.6,5.21,6.09,7.2,6.99,7.04,6.27,6.44,5.27,4.1,3.83,4.15,4.48,4.38,4.63,4.19,4.36,4.4,3.93,2.2,3.91,3.97,4.2,4.01,3.8,3.45,2.98,3.11,2.87,2.81,2.55,2.44,2.34,1.88,,,,,
Turkey,3.18,2.53,3.23,3.26,4.65,5.79,4.67,3.24,2.89,3.56,,3.28,3.04,2.84,2.5,2.57,2.07,2.03,1.76,1.68,1.66,1.7,1.24,1.15,1.56,2.25,1.08,,,,,,,,,,1.92,1.89,1.9,1.76,1.98,1.48,1.64,2.24,4.39,
Uganda,,,,,,,,,,,,,,,,,,,,,,,,,,,,,,,,,,,,,,,,,,,,3.7,3.55,
Ukraine,,,,,,,,,,,,,,,,,,,,,,,,,,,,0.49,1.37,1.1,1.35,1.33,1.51,0.803,0.764,0.879,0.805,0.396,0.568,0.609,0.604,0.48,0.233,0.136,0.626,
United Arab Emirates,,,,,,,,,,,,,,,,,,,,,,,,,,0.177,0.333,0.26,,,,,,,,,,,,0.424,0.419,0.156,0.392,0.653,0.637,
United Kingdom,0.995,1.03,1.1,1.13,1.09,0.891,0.754,0.737,0.742,0.669,0.784,0.88,0.753,0.975,0.829,0.876,0.84,1.01,1.22,1.28,1.2,1.07,0.965,1.55,1.28,1.16,1.19,1.17,0.619,1.08,1.06,1.11,1.47,2.08,1.56,1.46,1.86,2.03,1.95,1.74,1.63,1.6,1.74,1.67,1.59,
United States,0.275,0.228,0.184,0.237,0.276,0.287,0.334,0.343,0.33,0.434,0.403,0.38,0.367,0.343,0.313,0.333,0.333,0.309,0.313,0.318,0.329,0.325,0.317,0.226,0.328,0.257,0.307,0.391,0.416,1.48,1.6,1.66,1.67,1.64,1.57,1.67,1.68,1.86,1.94,1.83,1.69,1.53,1.43,1.23,1.33,
Uruguay,1.29,1.09,2.09,1.14,2.22,2.49,2.36,2.34,1.65,1.79,2.13,1.71,1.04,0.807,0.811,1.27,1.57,1.68,1.39,1.1,0.999,1.65,2.33,1.67,1.34,1.05,1.15,0.946,1.14,1.58,1.28,1.2,1.44,1.3,1.41,1.55,1.82,1.57,1.39,1.47,1.45,1.41,1.39,1.23,1.37,
Uzbekistan,,,,,,,,,,,,,,,,,,,,,,,,,,,,,,,,,,,,,,,,1.64,2.1,2.27,2.18,2.06,2.01,
Vanuatu,,,,,,,,,,,,,,,,,,,0,,,,,-0.0537,0.226,-0.00316,1.07,0.746,,,,,,,,,,6.39,4.87,4.91,1.57,0.962,0.693,1.29,3.54,
Zambia,,,,,,,,,,,,,,,,,,,,,,,,,,,6.45,7.02,,1.79,3.05,4.06,2.15,5.69,1.69,,1.13,2.68,3.1,4.57,0.315,3.02,3.3,3.09,1.53,
Zimbabwe,,,,,,,,,,,,,,,,,,,,,,,,,,,,,,,,,,,,,,0.124,0.61,0.771,0.635,,,,,
