country,1960,1961,1962,1963,1964,1965,1966,1967,1968,1969,1970,1971,1972,1973,1974,1975,1976,1977,1978,1979,1980,1981,1982,1983,1984,1985,1986,1987,1988,1989,1990,1991,1992,1993,1994,1995,1996,1997,1998,1999,2000,2001,2002,2003,2004,2005,2006,2007,2008,2009,2010,2011,2012,2013,2014,2015,2016,2017,2018,2019
Afghanistan,-0.0289,-0.0364,-0.0447,-0.0769,-0.0917,-0.102,-0.1,-0.0744,-0.0631,-0.0489,-0.0216,-0.0522,-0.0334,-0.0179,-0.00825,-0.016,-0.0165,-0.0316,-0.0303,,,,,,,,,,,,,,,,,,,,,,,,,,,,,,,-0.157,-0.202,-0.233,-0.374,-0.422,-0.306,-0.354,-0.32,-0.337,-0.327,-0.301
Albania,,,,,,,,,,,,,,,,,,,,,0.00421,0.0152,-0.0466,-0.0271,-0.0204,-0.0229,-0.00425,-0.000997,-0.0294,-0.0288,-0.0863,-0.211,-0.838,-0.486,-0.291,-0.223,-0.217,-0.25,-0.252,-0.173,-0.232,-0.238,-0.266,-0.253,-0.226,-0.248,-0.238,-0.267,-0.268,-0.246,-0.206,-0.227,-0.186,-0.18,-0.19,-0.173,-0.169,-0.151,-0.137,-0.137
Algeria,-0.281,-0.213,-0.0102,-0.121,-0.0436,-0.0323,0.0133,0.018,-0.0105,-0.0428,-0.0708,-0.0922,-0.0528,-0.0609,0.0326,-0.0928,-0.0406,-0.112,-0.146,-0.0172,0.04,0.0371,0.0193,0.0214,-0.0176,-0.0316,-0.103,-0.0414,-0.071,-0.0987,-0.0149,0.0552,0.0145,-0.0136,-0.0352,-0.028,0.0582,0.0957,0.000623,0.0537,0.213,0.147,0.0987,0.144,0.144,0.231,0.269,0.222,0.193,-0.0058,0.0702,0.101,0.0838,0.0281,-0.0171,-0.134,-0.142,-0.106,-0.0672,-0.069
Angola,,,,,,,,,,,,,,,,,,,,,,,,,,,,,,,,,,,,,,,,,0.268,0.00442,0.0887,0.0474,0.132,0.245,0.323,0.278,0.236,-0.0493,0.19,0.214,0.201,0.147,0.101,-0.0338,0.0288,0.0575,0.153,
Antigua and Barbuda,,,,,,,,,,,,,,,,,,-0.0421,0.0303,0.0535,-0.162,-0.188,-0.33,-0.127,-0.0854,-0.147,-0.302,-0.226,-0.0458,-0.109,0.0103,0.0249,0.0417,0.0762,0.0247,-0.0646,-0.102,-0.0514,-0.033,-0.0737,-0.0381,-0.0515,-0.0572,-0.0843,-0.0635,-0.134,-0.234,-0.268,-0.239,-0.118,-0.135,-0.0911,-0.132,-0.148,-0.122,-0.051,-0.0542,,,
Argentina,0,0,-0.0469,0,0,0.0208,0.0166,0.025,0.0108,0,0.00866,-0.00601,0.0036,0.019,0.00614,-0.00155,0.0325,0.0229,0.0289,0.00181,-0.0142,-0.00451,0.0257,0.0332,0.0283,0.0546,0.0184,0.00297,0.0332,0.0648,0.0573,0.016,-0.0153,-0.024,-0.0307,-0.00411,-0.00649,-0.0221,-0.0252,-0.0173,-0.0065,0.0131,0.15,0.112,0.07,0.0594,0.0562,0.0438,0.0372,0.0506,0.029,0.0169,0.0195,-0.000996,0.00404,-0.0107,-0.0104,-0.0274,-0.0214,0.0219
Armenia,,,,,,,,,,,,,,,,,,,,,,,,,,,,,,,-0.113,-0.194,-0.214,-0.135,-0.338,-0.383,-0.327,-0.38,-0.338,-0.29,-0.279,-0.216,-0.183,-0.191,-0.167,-0.155,-0.167,-0.206,-0.26,-0.279,-0.251,-0.244,-0.208,-0.198,-0.185,-0.121,-0.0962,-0.122,-0.157,-0.144
Australia,-0.0107,-0.0262,0.0131,-0.00828,0.0117,-0.0205,-0.022,-0.0101,-0.0219,-0.0138,-0.00244,-0.00275,0.00852,0.0313,-0.000647,-0.00454,0.00139,-0.00631,-0.00966,-0.0105,0.00527,-0.0183,-0.0329,-0.0203,-0.0143,-0.0205,-0.0307,-0.016,-0.00661,-0.0183,-0.0193,-0.00133,0.00272,-0.00321,-0.00515,-0.0197,-0.00454,0.00275,-0.00879,-0.0245,-0.0216,0.000862,-0.0000809,-0.0211,-0.0271,-0.0274,-0.0182,-0.0164,-0.0255,0.00212,-0.0103,0.00966,-0.00249,-0.013,-0.00428,-0.0152,-0.0228,0.00616,0.00417,0.0258
Austria,,,,,,,,,,,-0.000769,-0.0031,-0.00435,-0.00618,-0.0134,-0.0041,-0.0241,-0.0437,-0.0144,-0.0156,-0.0344,-0.024,-0.00634,-0.0152,-0.0107,-0.00241,-0.000192,-0.000413,-0.00421,-0.00508,-0.000935,-0.00867,-0.0132,-0.00337,-0.0167,-0.0119,-0.0159,-0.00812,-0.00225,0.00454,0.0133,0.017,0.0369,0.0275,0.0294,0.0321,0.036,0.0439,0.0442,0.0335,0.035,0.0279,0.028,0.0282,0.0327,0.0375,0.0383,0.033,0.0372,0.0372
Azerbaijan,,,,,,,,,,,,,,,,,,,,,,,,,,,,,,,0.0464,0.0445,0.316,-0.186,-0.0591,-0.209,-0.31,-0.24,-0.318,-0.139,0.0179,0.0418,-0.0728,-0.235,-0.239,0.1,0.277,0.396,0.423,0.285,0.336,0.323,0.277,0.222,0.171,0.0299,0.0278,0.0669,0.165,0.123
Bahamas,,,,,,,,,,,,,,,,,,0.165,0.151,0.0867,0.075,0.0501,0.0623,0.0855,0.0528,0.0552,0.0591,0.0552,,-0.0334,-0.018,-0.0422,-0.00968,0.00573,-0.0236,-0.0537,-0.0978,-0.0597,-0.0841,-0.0279,-0.0355,-0.0436,0.0207,0.00557,0.00428,-0.0388,-0.109,-0.0783,-0.0844,-0.0814,-0.0877,-0.135,-0.08,-0.0533,-0.112,-0.028,-0.0187,-0.0665,-0.0519,
Bahrain,,,,,,,,,,,,,,,,,,,,,0.0887,0.111,0.122,0.0373,0.0264,0.119,0.139,0.15,0.178,0.11,0.21,-0.106,-0.124,0.0315,0.0721,0.115,0.117,0.0957,0.00718,0.159,0.226,0.202,0.139,0.16,0.165,0.195,0.222,0.216,0.193,0.19,0.186,0.247,0.184,0.177,0.165,0.113,0.0878,0.0848,0.0773,
Bangladesh,0.00689,-0.00918,-0.000614,-0.0167,-0.0409,-0.037,-0.0237,-0.0329,-0.0328,-0.0352,-0.0419,-0.0444,-0.0806,-0.0532,-0.0665,-0.0521,-0.129,-0.0534,-0.0992,-0.0969,-0.124,-0.0899,-0.105,-0.0911,-0.1,-0.0745,-0.0665,-0.0671,-0.0682,-0.0724,-0.0715,-0.0556,-0.0476,-0.0509,-0.0486,-0.0648,-0.0666,-0.0528,-0.0437,-0.0487,-0.0463,-0.0532,-0.0415,-0.048,-0.0457,-0.0561,-0.0541,-0.0595,-0.073,-0.0621,-0.0575,-0.0758,-0.0779,-0.0722,-0.0653,-0.0741,-0.0465,-0.0523,-0.0864,-0.0611
Barbados,,,,,,,,,,,,,,,,-0.1,-0.183,-0.115,-0.103,-0.107,-0.0163,-0.0789,-0.0224,0.00973,0.0403,0.0653,0.00167,0.000613,0.0289,0.0145,-0.00242,-0.00854,0.0675,0.0449,0.0709,0.0183,0.0257,-0.0277,-0.0326,-0.0482,-0.0411,-0.0442,-0.055,-0.0418,-0.0867,-0.0799,-0.0636,-0.0202,-0.0505,-0.0222,-0.0299,-0.0453,-0.0455,-0.0392,-0.047,-0.0165,0.00998,0.0147,0.0158,0.00325
Belarus,,,,,,,,,,,,,,,,,,,,,,,,,,,,,,,0.0231,0,0.0217,-0.157,-0.128,-0.0439,-0.0408,-0.058,-0.0486,-0.0243,-0.0319,-0.0355,-0.0375,-0.0383,-0.0636,0.00711,-0.0417,-0.0627,-0.0772,-0.109,-0.132,-0.0104,0.0447,-0.0315,-0.00769,0.00107,-0.00191,0.00211,0.0152,-0.00483
Belgium,,,,,,,,,,,0.0219,0.0195,0.0306,0.0192,0.00516,0.00308,0.00293,-0.00663,-0.00789,-0.0173,-0.0282,-0.0209,-0.0172,0.00396,0.00594,0.0103,0.0224,0.0182,0.0239,0.022,0.0176,0.0187,0.0255,0.032,0.0362,0.0385,0.0317,0.0388,0.0364,0.0396,0.0286,0.0365,0.0558,0.0536,0.0489,0.0404,0.0404,0.0414,0.00673,0.0226,0.017,-0.00099,0.00063,0.00798,0.00819,0.0142,0.0119,0.0139,-0.00163,0.00165
Belize,,,,,,,,,,,,,,,,,,,,,-0.124,-0.197,-0.201,-0.146,-0.0802,-0.119,-0.0359,-0.0331,-0.0665,-0.106,-0.0231,0.436,-0.032,-0.0349,-0.0261,-0.0115,-0.00262,-0.0293,-0.0435,-0.13,-0.207,-0.183,-0.137,-0.128,-0.08,-0.0812,-0.00521,-0.00126,-0.0737,-0.0467,0.00408,-0.0171,0.00649,-0.0123,-0.0295,-0.0745,-0.0901,-0.0346,-0.00306,-0.00306
Benin,-0.0599,-0.0495,-0.0644,-0.078,-0.0711,-0.0764,-0.0935,-0.121,-0.0974,-0.0966,-0.0928,-0.1,-0.124,-0.103,-0.152,-0.189,-0.18,-0.186,-0.18,-0.195,-0.215,-0.28,-0.223,-0.178,-0.114,-0.13,-0.159,-0.157,-0.183,-0.113,-0.0736,-0.0934,-0.103,-0.105,-0.0775,-0.0906,-0.0352,-0.0436,-0.0541,-0.0837,-0.0614,-0.0852,-0.0432,-0.0433,-0.0288,-0.0213,-0.0366,-0.0503,-0.0349,-0.0485,-0.0529,-0.0552,-0.0294,-0.0406,-0.0241,-0.0732,-0.0377,-0.0707,-0.0725,-0.0442
Bhutan,,,,,,,,,,,,,,,,,,,,,-0.241,-0.326,-0.34,-0.337,-0.322,-0.361,-0.348,-0.145,-0.21,-0.0992,-0.0382,-0.0796,-0.239,-0.125,-0.099,-0.0486,-0.102,-0.102,-0.163,-0.196,-0.196,-0.222,-0.262,-0.261,-0.321,-0.269,-0.0488,-0.0238,-0.094,-0.179,-0.29,-0.3,-0.249,-0.223,-0.234,-0.333,-0.262,-0.226,-0.251,
Bolivia,-0.0772,-0.0694,-0.105,-0.0936,-0.0317,-0.0522,-0.0522,-0.0352,-0.0426,-0.0283,0.0024,-0.0301,-0.0291,-0.00605,0.0849,-0.0628,-0.0221,-0.0287,-0.0751,-0.0322,0.018,0.00694,-0.00279,0.043,-0.0217,-0.0379,-0.0438,-0.0439,-0.0437,-0.00658,-0.0115,-0.0549,-0.0902,-0.0931,-0.0553,-0.0464,-0.0469,-0.0825,-0.129,-0.104,-0.0905,-0.0528,-0.0608,-0.00766,0.0481,0.0345,0.0901,0.0753,0.0695,0.0282,0.0686,0.057,0.0938,0.0695,0.0132,-0.062,-0.0743,-0.069,-0.0513,-0.0646
Bosnia and Herzegovina,,,,,,,,,,,,,,,,,,,,,,,,,,,,,,,,,,,-0.71,-0.511,-0.603,-0.45,-0.711,-0.665,-0.468,-0.475,-0.466,-0.529,-0.39,-0.4,-0.28,-0.293,-0.325,-0.237,-0.216,-0.238,-0.234,-0.204,-0.227,-0.185,-0.167,-0.162,-0.15,-0.156
Botswana,-0.134,-0.153,-0.169,-0.184,-0.198,-0.189,-0.217,-0.262,-0.399,-0.298,-0.363,-0.284,-0.232,-0.231,-0.239,-0.202,-0.159,-0.184,-0.165,-0.111,-0.134,-0.218,-0.147,-0.00482,0.0285,0.151,0.192,0.267,0.266,0.131,0.0526,0.065,0.0661,0.0798,0.0746,0.0708,0.167,0.132,-0.0326,0.115,0.117,0.0979,0.125,0.118,0.0823,0.173,0.182,0.139,-0.0537,-0.171,-0.0763,-0.0364,-0.122,0.00492,0.0305,-0.063,0.0836,0.0374,0.0117,-0.0694
Brazil,-0.000582,-0.0006,-0.0132,-0.000746,0.00708,0.0218,0.00833,0,-0.0061,0.000667,-0.0042,-0.0172,-0.0158,-0.0123,-0.0587,-0.0397,-0.024,-0.00665,-0.0119,-0.0205,-0.0225,-0.00379,-0.00665,0.0241,0.0562,0.0515,0.0246,0.0327,0.052,0.0347,0.0124,0.00763,0.0248,0.0141,-0.000028,-0.0193,-0.0218,-0.0261,-0.0238,-0.0185,-0.0226,-0.0219,0.00843,0.0222,0.0341,0.034,0.0271,0.0136,-0.0019,-0.00403,-0.0104,-0.00769,-0.0136,-0.023,-0.0266,-0.0115,0.004,0.00718,0.00382,-0.00332
Brunei,,,,,,,,,,,,,,,0.727,0.666,0.754,0.785,0.805,0.809,0.817,0.794,0.721,0.693,,,,,,0.266,0.245,0.265,0.0996,0.03,0.0267,0.0389,-0.00707,-0.0131,-0.0693,0.0741,0.315,0.303,0.255,0.333,0.37,0.429,0.465,0.4,0.507,0.37,0.394,0.395,0.347,0.251,0.339,0.145,0.118,0.14,0.0997,0.0738
Bulgaria,,,,,,,,,,,,,,,,,,,,,0.0502,0.0112,0.0107,0.00209,0.0189,-0.00407,-0.0344,-0.0184,-0.0033,-0.0174,-0.0361,0.0427,-0.0583,-0.0763,-0.00625,0.0942,0.112,0.127,0.0684,-0.0458,-0.0531,-0.0932,-0.0797,-0.102,-0.112,-0.147,-0.171,-0.188,-0.197,-0.0826,-0.0286,0.00377,-0.0319,-0.00446,-0.00979,0.00956,0.0495,0.0434,0.0259,0.0342
Burkina Faso,-0.11,-0.104,-0.102,-0.101,-0.0872,-0.0672,-0.066,-0.09,-0.0908,-0.107,-0.107,-0.144,-0.149,-0.166,-0.162,-0.228,-0.188,-0.225,-0.203,-0.21,-0.223,-0.222,-0.234,-0.217,-0.178,-0.211,-0.2,-0.167,-0.161,-0.149,-0.135,-0.129,-0.107,-0.117,-0.108,-0.125,-0.171,-0.158,-0.153,-0.185,-0.174,-0.136,-0.136,-0.119,-0.137,-0.145,-0.132,-0.131,-0.151,-0.127,-0.0804,-0.0511,-0.0804,-0.0988,-0.0496,-0.0687,-0.0607,-0.0635,-0.0405,-0.0472
Burundi,-0.00893,-0.0172,-0.0328,-0.0677,0.0201,-0.0219,-0.0222,-0.0109,-0.0307,-0.0244,-0.00932,-0.0574,-0.0334,-0.0232,-0.0578,-0.107,-0.0293,0.00304,-0.0852,-0.0856,-0.145,-0.129,-0.167,-0.157,-0.12,-0.0976,-0.106,-0.16,-0.134,-0.132,-0.199,-0.186,-0.207,-0.178,-0.182,-0.144,-0.0993,-0.046,-0.114,-0.0839,-0.0992,-0.106,-0.123,-0.146,-0.177,-0.227,-0.278,-0.252,-0.262,-0.226,-0.201,-0.254,-0.243,-0.284,-0.266,-0.211,-0.184,-0.195,-0.204,-0.236
Cambodia,-0.0807,-0.0578,-0.0909,-0.0353,-0.0073,-0.00987,-0.05,-0.0119,-0.0214,-0.036,-0.0201,,,,,,,,,,,,,,,,,,,,,,,-0.166,-0.129,-0.154,-0.184,-0.117,-0.131,-0.131,-0.118,-0.0866,-0.0885,-0.1,-0.073,-0.0866,-0.0743,-0.0762,-0.0223,-0.067,-0.0544,-0.0542,-0.0482,-0.0527,-0.0441,-0.0443,-0.0439,-0.0342,-0.0171,-0.0137
Cameroon,,,,,,-0.00501,-0.0258,-0.0195,-0.0251,0.00524,0.0154,-0.0414,-0.0569,-0.033,0.0264,-0.0286,-0.0472,-0.0275,-0.0447,-0.0716,0.00753,-0.0655,0.043,0.0109,0.0249,0.0187,0.00557,-0.0393,0.000713,0.0294,0.0287,0.0536,0.0223,0.0138,0.0214,0.0302,0.000831,-0.000826,0.000804,-0.0027,0.00964,-0.0245,-0.0325,-0.0479,-0.0152,-0.0177,-0.0067,-0.00722,-0.0386,-0.0497,-0.0478,-0.0507,-0.0415,-0.0447,-0.0519,-0.0535,-0.0473,-0.0402,-0.0438,-0.0744
Canada,,-0.00646,-0.00368,0.00533,0.00971,-0.00311,-0.00184,0.00757,0.00921,-0.00198,0.022,0.0131,0.00581,0.0109,-0.000975,-0.0194,-0.00903,-0.00355,0.00218,0.0042,0.017,0.00669,0.0378,0.0315,0.0341,0.0226,0.00914,0.0115,0.00743,0.000262,0.00155,-0.00519,-0.00341,0.000345,0.0118,0.0314,0.0395,0.0194,0.0198,0.0362,0.0567,0.0576,0.0443,0.0391,0.0448,0.0397,0.0276,0.0218,0.0177,-0.0145,-0.0188,-0.0114,-0.0189,-0.0157,-0.00906,-0.0246,-0.0236,-0.0221,-0.0196,-0.0169
Cape Verde,,,,,,,,,,,,,,,,,,,,,-0.499,-0.492,-0.563,-0.532,-0.549,-0.565,-0.578,-0.476,-0.428,-0.43,-0.517,-0.478,-0.494,-0.338,-0.415,-0.432,-0.351,-0.311,-0.363,-0.39,-0.335,-0.325,-0.36,-0.36,-0.376,-0.288,-0.276,-0.302,-0.262,-0.259,-0.291,-0.288,-0.194,-0.144,-0.203,-0.143,-0.157,-0.215,-0.188,-0.145
Central African Republic,-0.109,-0.0927,-0.131,-0.132,-0.124,-0.106,-0.142,-0.206,-0.0532,-0.103,-0.0962,-0.0762,-0.0888,-0.0787,-0.156,-0.188,-0.0714,-0.0912,-0.105,-0.127,-0.159,-0.0968,-0.12,-0.125,-0.121,-0.0963,-0.104,-0.107,-0.0731,-0.0616,-0.0881,-0.0854,-0.095,-0.0579,-0.0162,-0.0603,-0.0414,-0.0205,-0.0574,-0.0477,-0.0492,-0.0542,-0.0418,0.00241,-0.0525,-0.0835,-0.0776,-0.0935,-0.124,-0.118,-0.112,-0.0822,-0.0996,-0.0845,-0.197,-0.19,-0.209,-0.226,-0.281,-0.288
Chad,-0.0365,-0.0465,-0.056,-0.0626,-0.076,-0.0431,-0.0405,-0.038,-0.0374,-0.0449,-0.0579,-0.0515,-0.0482,-0.0777,-0.0841,-0.114,-0.103,-0.13,-0.115,-0.169,-0.119,-0.0756,-0.0693,-0.0712,-0.0604,-0.194,-0.22,-0.21,-0.151,-0.176,-0.144,-0.124,-0.137,-0.16,-0.188,-0.118,-0.115,-0.122,-0.111,-0.139,-0.178,-0.35,-1.01,-0.341,0.00249,0.101,-0.00744,0.0428,0.051,-0.0683,-0.067,-0.0293,-0.0364,-0.0552,-0.083,-0.0656,-0.107,-0.0583,-0.0182,-0.0109
Chile,-0.0278,-0.0412,-0.0145,-0.0247,-0.00978,0.00624,0.00936,0.0114,0.00601,0.0202,0.00387,-0.012,-0.036,-0.0209,0.00229,-0.0246,0.0363,-0.0229,-0.0384,-0.0342,-0.0478,-0.107,-0.0264,0.0203,-0.0166,0.0192,0.0259,0.0249,0.0649,0.0443,0.0324,0.0451,0.0167,-0.0185,0.0171,0.0229,-0.0148,-0.0201,-0.0328,0.0219,0.0175,0.0165,0.0221,0.05,0.0987,0.087,0.145,0.137,0.0206,0.0774,0.0643,0.0332,-0.000281,-0.00575,0.00949,-0.0022,0.00609,0.0122,-0.00181,-0.00362
China,-0.00122,0.00381,0.0114,0.0115,0.00905,0.0045,0.00259,0.00301,0.00384,0.00642,0.000307,0.00655,0.0074,0.00483,-0.00474,-0.00145,0.00184,0.00212,-0.00538,-0.00761,-0.00602,-0.0000203,0.0235,0.0111,0.000208,-0.0404,-0.0246,0.00107,-0.013,-0.0142,0.0296,0.0303,0.0117,-0.0265,0.013,0.0163,0.0203,0.0445,0.0426,0.028,0.0238,0.021,0.0254,0.0216,0.0262,0.0545,0.0759,0.0868,0.0759,0.0431,0.0365,0.024,0.0272,0.0245,0.0211,0.0324,0.0227,0.0175,0.00768,0.0115
Colombia,0.00937,-0.00838,-0.0000381,-0.00368,-0.00694,0.0243,-0.0437,0.00871,-0.0104,-0.0047,-0.0128,-0.0405,0.00457,0.0226,-0.0109,0.0181,0.0315,0.0367,0.0283,0.0177,0.00621,-0.0357,-0.0428,-0.0278,-0.00579,0.0128,0.0684,0.0403,0.0243,0.0418,0.0295,0.0466,-0.00574,-0.0581,-0.0592,-0.0643,-0.0565,-0.0591,-0.0589,0.00544,-0.00837,-0.0313,-0.0335,-0.0337,-0.0232,-0.0348,-0.0418,-0.0423,-0.0295,-0.0231,-0.0158,-0.00917,-0.0121,-0.0181,-0.0422,-0.0706,-0.0677,-0.0499,-0.0477,-0.0631
Comoros,,,,,,,,,,,,,,,,,,,,,-0.181,-0.181,-0.181,-0.181,-0.181,-0.181,-0.181,-0.181,-0.181,-0.181,-0.181,-0.181,-0.181,-0.181,-0.181,-0.181,-0.181,-0.181,-0.181,-0.181,-0.181,-0.181,-0.181,-0.181,-0.181,-0.181,-0.181,-0.152,-0.198,-0.193,-0.203,-0.201,-0.229,-0.211,-0.199,-0.175,-0.158,-0.164,-0.166,
"Congo, Dem. Rep.",,,,,,,,,,,,,,,,,,,,,,,,,,,,,,,,,,,0.0273,0.0476,-0.00311,0.0375,-0.031,0.0609,-0.0412,-0.0107,0.0203,-0.0603,-0.0388,-0.0643,-0.0456,-0.02,-0.0572,-0.0932,-0.0853,-0.0617,-0.0675,-0.0457,-0.0503,-0.0388,-0.0801,-0.0379,-0.0361,-0.0316
"Congo, Rep.",-0.652,-0.642,-0.325,-0.214,-0.183,-0.171,-0.212,-0.253,-0.268,-0.248,-0.23,-0.201,-0.235,-0.118,-0.0625,-0.279,-0.262,-0.197,-0.173,-0.0122,-0.00111,-0.181,-0.132,0.0618,0.16,0.00783,-0.138,0.0311,0.00197,0.137,0.327,0.136,0.242,0.115,-0.157,0.011,0.0851,0.154,0.0365,0.132,0.367,0.241,0.276,0.0476,0.297,0.297,0.185,0.25,0.281,0.202,0.304,0.294,0.234,0.105,0.0273,-0.271,-0.192,0.279,0.404,0.426
Costa Rica,-0.0489,-0.042,-0.0333,-0.0504,-0.0415,-0.106,-0.0599,-0.0634,-0.0469,-0.0536,-0.0674,-0.103,-0.0638,-0.0607,-0.15,-0.0849,-0.06,-0.0547,-0.0785,-0.103,-0.103,-0.0491,0.0292,-0.00746,0.0041,-0.0175,0.00846,-0.0413,-0.0179,-0.0388,-0.069,-0.0465,-0.0556,-0.0731,-0.0626,-0.0354,-0.0405,-0.0442,-0.0413,-0.0243,-0.00667,0.00165,-0.0197,-0.0199,-0.00845,-0.023,-0.032,-0.0532,-0.0884,-0.00498,-0.0187,-0.0374,-0.0381,-0.0295,-0.0254,-0.00868,0.00263,-0.00287,0.00264,0.0141
Cote d'Ivoire,0.113,0.0719,0.0865,0.104,0.112,0.067,0.0771,0.0743,0.127,0.0969,0.0666,0.0378,0.0451,0.0252,0.0732,0.00144,0.0549,0.063,-0.00914,-0.0306,-0.0618,-0.0711,-0.029,0.0124,0.135,0.144,0.0931,0.0381,0.026,0.0298,0.0458,0.0303,0.0379,0.0354,0.112,0.0732,0.0868,0.0762,0.0643,0.0826,0.0692,0.0785,0.151,0.0852,0.082,0.0587,0.0967,0.0501,0.0696,0.109,0.0731,0.165,0.0418,0.0294,0.049,0.02,0.0167,0.013,-0.00483,0.0143
Croatia,,,,,,,,,,,,,,,,,,,,,,,,,,,,,,,,,,,,-0.0827,-0.0652,-0.129,-0.0678,-0.0605,-0.0453,-0.0521,-0.0951,-0.105,-0.0861,-0.0879,-0.0854,-0.0841,-0.102,-0.0561,-0.0169,-0.02,-0.017,-0.0215,-0.00381,0.0022,0.0112,0.0062,-0.00844,-0.00559
Cuba,,,,,,,,,,,-0.116,-0.116,-0.116,-0.116,-0.116,-0.116,-0.116,-0.116,-0.115,-0.116,-0.115,-0.116,-0.115,-0.114,-0.118,-0.113,-0.12,-0.11,-0.111,-0.136,-0.106,-0.0713,-0.0131,-0.0253,-0.013,-0.0251,-0.02,-0.0291,-0.04,-0.0279,-0.0282,-0.0289,-0.0168,-0.00683,0.00732,0.0267,0.00239,0.0271,-0.0378,0.0201,0.0485,0.0325,0.0516,0.0388,0.0489,0.0268,0.027,0.0286,0.0191,
Cyprus,,,,,,,,,,,,,,,,-0.212,-0.129,-0.199,-0.206,-0.191,-0.178,-0.131,-0.133,-0.136,-0.124,-0.101,-0.0339,-0.0298,-0.0543,-0.0841,-0.0561,-0.1,-0.112,-0.00434,-0.00397,-0.00864,-0.00434,-0.0139,0.0249,0.0264,0.0243,0.0457,0.0117,0.0152,-0.00124,-0.00533,-0.0293,-0.0476,-0.128,-0.0535,-0.0834,-0.0383,-0.0191,0.0158,0.0094,0.0262,0.017,-0.00374,0.00786,-0.00393
Czech Republic,,,,,,,,,,,,,,,,,,,,,,,,,,,,,,,0.0235,0.056,0.012,0.0112,-0.0116,-0.031,-0.0486,-0.0415,-0.00272,-0.00421,-0.0185,-0.0125,-0.0128,-0.012,0.00813,0.0235,0.0274,0.0245,0.0216,0.0388,0.0309,0.0383,0.048,0.0576,0.0636,0.06,0.0772,0.0752,0.0639,0.0609
Denmark,,,,,,,-0.0157,-0.0207,-0.0138,-0.0208,-0.0283,-0.0203,-0.00408,-0.0189,-0.0335,-0.0096,-0.0453,-0.0357,-0.0222,-0.0238,-0.0045,0.0141,0.00909,0.0221,0.0168,0.00775,-0.00199,0.0205,0.0348,0.038,0.0556,0.0622,0.0691,0.0753,0.0592,0.0471,0.0566,0.0436,0.0307,0.06,0.0671,0.0714,0.0685,0.068,0.0565,0.055,0.0409,0.029,0.0352,0.045,0.0695,0.0639,0.0602,0.0661,0.0696,0.0679,0.0668,0.07,0.0605,0.0673
Djibouti,,,,,,,,,,,,,,,,,,,,,,,,,,,,,,,,,,,,,,,,,,,,,,,,,,,,,,-0.349,0.174,0.188,-0.0875,-0.0867,0.101,0.112
Dominica,,,,,,,,,,,,,,,,,,-0.157,-0.175,-0.507,-0.573,-0.356,-0.228,-0.157,-0.27,-0.193,-0.0488,-0.0675,-0.119,-0.259,-0.215,-0.155,-0.109,-0.102,-0.112,-0.119,-0.0811,-0.118,-0.0638,-0.0717,-0.116,-0.131,-0.0992,-0.113,-0.119,-0.184,-0.14,-0.21,-0.285,-0.238,-0.195,-0.158,-0.198,-0.169,-0.166,-0.133,-0.101,-0.19,-0.503,-0.367
Dominican Republic,0.0678,0.0691,-0.00316,-0.0525,-0.0834,-0.0396,-0.0899,-0.0693,-0.0815,-0.0763,-0.0998,-0.097,-0.0337,-0.0441,-0.0935,-0.0336,-0.0688,-0.072,-0.108,-0.0974,-0.137,-0.0739,-0.082,-0.0738,-0.0828,-0.0467,-0.0355,-0.0701,-0.0239,-0.0813,-0.0798,-0.0371,-0.0686,-0.0522,-0.0474,-0.0344,-0.0287,-0.0379,-0.0729,-0.0634,-0.083,-0.0673,-0.0728,-0.00144,0.00944,-0.0499,-0.0732,-0.0842,-0.136,-0.0855,-0.106,-0.106,-0.0922,-0.0635,-0.0519,-0.0465,-0.0377,-0.0286,-0.0495,-0.0561
Ecuador,-0.00817,-0.0119,-0.00553,-0.00724,-0.0124,-0.0131,-0.00629,-0.0192,-0.0288,-0.036,-0.0357,-0.0611,-0.0314,0.0122,0.039,-0.0326,-0.0194,-0.0184,-0.0383,-0.00263,-0.00729,-0.0068,-0.031,0.00243,0.0169,0.0365,-0.0185,-0.07,-0.0465,-0.0455,0.00934,0.0215,0.0346,-0.031,-0.0322,-0.0334,0.00331,-0.0195,-0.0761,0.0355,0.0479,-0.043,-0.0639,-0.0204,-0.0156,-0.00863,0.00956,0.0128,0.0027,-0.0161,-0.0451,-0.0225,-0.0142,-0.0233,-0.016,-0.0273,0.00488,-0.00756,-0.0115,0.000402
Egypt,-0.0196,-0.021,-0.0447,-0.0583,-0.0648,-0.03,-0.0415,-0.0229,-0.0566,-0.0308,-0.0353,-0.0454,-0.0466,-0.0463,-0.109,-0.174,-0.108,-0.0978,-0.14,-0.165,-0.124,-0.125,-0.115,-0.113,-0.114,-0.0965,-0.0839,-0.101,-0.179,-0.145,-0.122,-0.0791,-0.0252,-0.0425,-0.0549,-0.0515,-0.0545,-0.0605,-0.095,-0.0826,-0.0662,-0.0485,-0.0435,-0.0259,-0.0136,-0.0227,-0.0162,-0.0458,-0.0559,-0.0664,-0.0524,-0.0412,-0.0792,-0.0634,-0.0843,-0.0848,-0.0956,-0.135,-0.105,
El Salvador,,,,,,-0.0242,-0.0512,-0.0302,-0.0175,-0.0261,0.00286,-0.0198,0.00969,-0.0302,-0.0841,-0.0517,-0.0127,0.00692,-0.0926,-0.0017,0.00917,-0.0691,-0.0569,-0.0542,-0.0678,-0.0756,-0.0438,-0.0711,-0.0647,-0.105,-0.126,-0.133,-0.164,-0.148,-0.153,-0.163,-0.13,-0.115,-0.121,-0.122,-0.151,-0.159,-0.149,-0.164,-0.18,-0.192,-0.216,-0.265,-0.272,-0.182,-0.196,-0.213,-0.205,-0.21,-0.19,-0.176,-0.159,-0.162,-0.196,-0.181
Equatorial Guinea,,,,,,,,,,,,,,,,,,,,,,,,,,,,,,,,,,,,,,,,,,,,,,0.438,0.461,0.432,0.498,0.265,0.268,0.358,0.271,0.284,0.275,0.144,0.102,0.153,0.131,0.0289
Eritrea,,,,,,,,,,,,,,,,,,,,,,,,,,,,,,,,,-0.335,-0.409,-0.548,-0.605,-0.581,-0.562,-0.653,-0.772,-0.485,-0.504,-0.53,-0.611,-0.54,-0.488,-0.315,-0.23,-0.217,-0.189,-0.247,-0.111,,,,,,,,
Estonia,,,,,,,,,,,,,,,,,,,,,,,,,,,,,,,,,,-0.0388,-0.0996,-0.0729,-0.104,-0.103,-0.0958,-0.0438,-0.0324,-0.0395,-0.074,-0.0845,-0.0782,-0.0507,-0.101,-0.0879,-0.039,0.0494,0.0637,0.0576,0.0164,0.0267,0.0347,0.0391,0.0391,0.0428,0.0351,0.0399
Eswatini,0.14,0.0716,0.0213,0.0569,0.0776,0.133,-0.00546,-0.107,0.0351,0.108,0.0949,0.129,0.0842,0.142,0.223,0.16,0.081,-0.0325,-0.237,-0.363,-0.394,-0.306,-0.353,-0.383,-0.372,-0.362,-0.11,-0.00261,-0.034,-0.0278,-0.0986,-0.114,-0.187,-0.191,-0.0919,-0.137,-0.213,-0.148,-0.176,-0.163,-0.139,-0.0803,-0.137,-0.0455,-0.0709,-0.11,0.0475,0.073,-0.0709,-0.0818,-0.137,-0.111,-0.0628,-0.0573,-0.00632,0.0212,0.0146,-0.00764,-0.0341,
Ethiopia,,,,,,,,,,,,,,,,,,,,,,,,,,,,,,,,,,,,,,,,,,,,,,,,,,,,-0.149,-0.179,-0.165,-0.175,-0.209,-0.193,-0.158,-0.145,-0.129
Finland,,,,,,,,,,,-0.0168,-0.0231,-0.00484,-0.013,-0.0385,-0.0607,-0.0217,0.0131,0.0309,0.0104,-0.013,0.00977,0.00173,-0.000105,0.0237,0.0067,0.0131,0.00518,-0.00347,-0.0183,-0.0155,-0.00949,0.00847,0.046,0.0564,0.0746,0.0692,0.0733,0.0791,0.0897,0.0917,0.0925,0.0897,0.0659,0.0627,0.0397,0.0416,0.0479,0.0362,0.0204,0.0136,-0.00779,-0.0155,-0.0106,-0.0115,-0.00569,-0.0128,0.00115,-0.00995,0.00487
France,0.0243,0.0215,0.0121,0.00696,0.00184,0.0118,0.00604,0.00372,0.00167,-0.00399,0.00543,0.00954,0.00776,0.00643,-0.011,0.00975,-0.0093,-0.00169,0.0105,0.00398,-0.0154,-0.0147,-0.0245,-0.00267,0.00129,-0.00368,-0.00121,-0.011,-0.00659,-0.00685,-0.00785,-0.00314,0.0067,0.0168,0.0149,0.016,0.0178,0.0301,0.0275,0.0239,0.0133,0.0157,0.0199,0.0143,0.0101,0.000854,-0.00233,-0.00714,-0.0116,-0.00791,-0.0129,-0.0195,-0.013,-0.0103,-0.0115,-0.00566,-0.00605,-0.0106,-0.0104,-0.00979
Gabon,0.0154,-0.00451,0.00946,0.0171,0.0594,0.0595,0.00166,0,-0.00823,0.00605,0.117,0.14,0.0083,0.0118,0.143,0.0162,-0.00515,0.00333,0.148,0.211,0.331,0.227,0.219,0.178,0.189,0.0529,-0.195,-0.0252,-0.0506,0.046,0.152,0.14,0.123,0.142,0.234,0.236,0.297,0.241,-0.0116,0.215,0.364,0.249,0.205,0.236,0.283,0.361,0.325,0.319,0.354,0.208,0.262,0.33,0.296,0.241,0.155,0.181,0.179,0.254,0.29,0.298
Gambia,,,,,,,-0.0741,-0.0667,-0.11,-0.107,-0.0312,-0.0481,-0.0698,-0.0728,-0.0474,0.0109,-0.053,-0.108,-0.262,-0.283,-0.209,-0.228,-0.153,-0.12,-0.137,-0.101,-0.0947,-0.0987,-0.0809,-0.102,-0.117,-0.0523,-0.0626,-0.0825,-0.0744,-0.117,-0.0736,-0.0245,-0.0326,-0.0362,-0.0476,-0.0329,-0.0533,-0.0667,-0.0874,-0.102,-0.0831,-0.0823,-0.101,-0.103,-0.117,-0.0892,-0.0802,-0.0775,-0.131,-0.164,-0.152,-0.165,-0.197,-0.228
Georgia,,,,,,,,,,,,,,,,,,,,,,,,,,,,0.00704,-0.0411,-0.0278,-0.0533,-0.0365,-0.306,-0.249,-0.514,-0.168,-0.19,-0.265,-0.206,-0.19,-0.167,-0.144,-0.132,-0.147,-0.168,-0.18,-0.242,-0.268,-0.298,-0.191,-0.17,-0.182,-0.189,-0.122,-0.169,-0.17,-0.152,-0.11,-0.106,-0.0887
Germany,,,,,,,,,,,-0.0145,-0.0172,-0.0163,-0.00993,-0.00479,-0.0169,-0.0223,-0.0214,-0.0191,-0.0358,-0.0461,-0.0391,-0.0265,-0.0299,-0.0279,-0.0204,-0.0037,-0.00323,-0.00346,-0.00617,-0.00192,-0.00488,-0.00501,0.000502,0.00164,0.00407,0.00714,0.0108,0.0123,0.00553,0.00169,0.0163,0.0425,0.0377,0.052,0.052,0.0542,0.0677,0.0607,0.0501,0.0526,0.0491,0.061,0.0576,0.0662,0.0756,0.0736,0.071,0.0616,0.0584
Ghana,-0.0725,-0.103,-0.0426,-0.0627,-0.0396,-0.0962,-0.0501,-0.0253,-0.00471,-0.006,-0.0137,-0.0448,0.0551,0.0506,-0.0348,0.00927,-0.00337,-0.0105,-0.0133,0.000709,-0.00688,-0.00567,0.00356,-0.00433,-0.0273,-0.0293,-0.0356,-0.0652,-0.0588,-0.076,-0.0897,-0.0856,-0.115,-0.162,-0.115,-0.0843,-0.0798,-0.206,-0.129,-0.175,-0.184,-0.196,-0.123,-0.159,-0.211,-0.253,-0.155,-0.163,-0.195,-0.13,-0.164,-0.124,-0.124,-0.1,-0.0753,-0.117,-0.056,-0.0313,-0.0115,0.00575
Greece,-0.0467,-0.0464,-0.0641,-0.062,-0.0907,-0.0937,-0.0627,-0.0623,-0.0766,-0.079,-0.0734,-0.0701,-0.0706,-0.0846,-0.0705,-0.0704,-0.0678,-0.067,-0.0583,-0.0518,-0.0594,-0.0436,-0.0743,-0.0822,-0.073,-0.0812,-0.0726,-0.0607,-0.0698,-0.0889,-0.106,-0.102,-0.0906,-0.0893,-0.0727,-0.0826,-0.0892,-0.0683,-0.0968,-0.0887,-0.11,-0.106,-0.101,-0.111,-0.0848,-0.0828,-0.105,-0.125,-0.126,-0.0978,-0.0862,-0.0677,-0.0445,-0.0281,-0.024,0.000514,-0.00713,-0.0102,-0.00261,-0.000095
Grenada,,,,,,,,,,,,,,,,,,-0.0782,-0.0646,-0.162,-0.241,-0.341,-0.324,-0.249,-0.202,-0.196,-0.159,-0.164,-0.143,-0.162,-0.164,-0.171,-0.126,-0.158,-0.108,-0.133,-0.17,-0.188,-0.196,-0.1,-0.143,-0.16,-0.184,-0.223,-0.203,-0.356,-0.344,-0.299,-0.295,-0.225,-0.254,-0.256,-0.237,-0.249,-0.0158,0.00371,-0.00484,-0.0182,-0.00975,-0.0095
Guatemala,-0.019,-0.0154,-0.0164,-0.0165,-0.027,-0.0282,-0.00194,-0.033,-0.0168,0.00373,0.00793,-0.0141,0.00371,0.00677,-0.0326,-0.0181,-0.0601,-0.018,-0.0579,-0.045,-0.0273,-0.0651,-0.039,-0.0156,-0.0215,-0.0104,0.0146,-0.0645,-0.0583,-0.0517,-0.0381,-0.0362,-0.0923,-0.0837,-0.0733,-0.0617,-0.0477,-0.0564,-0.0808,-0.0835,-0.0876,-0.131,-0.134,-0.144,-0.151,-0.159,-0.17,-0.168,-0.147,-0.0916,-0.105,-0.107,-0.112,-0.127,-0.116,-0.102,-0.0887,-0.0911,-0.107,-0.105
Guinea,,,,,,,,,,,,,,,,,,,,,,,,,,,0.0302,0.00928,-0.042,0.0131,-0.0237,-0.00255,-0.012,-0.0157,-0.0311,-0.0341,-0.0515,-0.0329,-0.0564,-0.0439,-0.0443,-0.0144,-0.0249,0.00771,-0.0119,-0.00325,-0.217,-0.24,-0.209,-0.248,-0.129,-0.208,-0.204,-0.275,-0.234,-0.294,-0.516,-0.242,-0.325,-0.242
Guinea-Bissau,,,,,,,,,,,-0.262,-0.302,-0.313,-0.347,-0.342,-0.208,-0.227,-0.233,-0.283,-0.343,-0.292,-0.245,-0.334,-0.262,-0.379,-0.48,-0.266,-0.276,-0.387,-0.373,-0.271,-0.278,-0.452,-0.238,-0.179,-0.235,-0.213,-0.189,-0.214,-0.18,-0.114,-0.0563,-0.0552,-0.0591,-0.0793,-0.0902,-0.148,-0.138,-0.129,-0.164,-0.203,-0.0527,-0.102,-0.0757,-0.112,-0.047,-0.048,-0.053,-0.0712,-0.1
Guyana,-0.0822,-0.0091,0.118,0.168,0.0359,-0.024,-0.0517,-0.0235,0.0309,0.0381,-0.00541,0.0372,-0.013,-0.167,0.0193,-0.000253,-0.249,-0.156,-0.000158,-0.0942,-0.124,-0.234,-0.173,-0.187,-0.072,-0.138,-0.0691,-0.112,-0.043,-0.0719,-0.172,-0.18,-0.235,-0.167,-0.122,-0.109,-0.0609,-0.0982,-0.12,-0.0804,-0.146,-0.138,-0.121,-0.0981,-0.096,-0.251,-0.248,-0.282,-0.328,-0.242,-0.234,-0.249,-0.203,-0.167,-0.203,-0.106,-0.00206,-0.0581,-0.117,-0.131
Haiti,,,,,,,,,,,,,,,,,,,,,,,,,,,,,-0.162,-0.145,-0.226,-0.192,-0.174,-0.271,-0.183,-0.196,-0.176,-0.16,-0.167,-0.175,-0.207,-0.238,-0.239,-0.32,-0.287,-0.289,-0.305,-0.257,-0.315,-0.269,-0.494,-0.415,-0.363,-0.339,-0.342,-0.305,-0.319,-0.376,-0.414,-0.406
Honduras,-0.0164,0.00393,0.00413,-0.0263,-0.0228,0.00452,-0.0145,-0.0202,-0.0121,-0.0289,-0.062,-0.00821,0.0106,-0.00877,-0.119,-0.0899,-0.0445,-0.0443,-0.0885,-0.0879,-0.121,-0.114,-0.0533,-0.0716,-0.105,-0.0888,-0.0561,-0.0631,-0.0656,-0.0778,-0.0758,-0.0695,-0.0944,-0.108,-0.113,-0.0558,-0.0593,-0.0484,-0.0646,-0.143,-0.124,-0.132,-0.125,-0.141,-0.186,-0.185,-0.21,-0.281,-0.331,-0.178,-0.179,-0.197,-0.194,-0.204,-0.178,-0.169,-0.144,-0.151,-0.19,-0.161
Hungary,,,,,,,,,,,,,,,,,,,,,,,,,,,,,,,,-0.00825,-0.00212,-0.0718,-0.0566,-0.0000774,0.00473,0.00962,-0.0157,-0.0274,-0.0369,-0.0129,-0.0205,-0.0394,-0.0396,-0.0231,-0.0113,0.00538,0.00356,0.0403,0.053,0.0612,0.0677,0.0699,0.0635,0.0799,0.0875,0.0729,0.0437,0.0368
Iceland,,,,,,,,,,,0.0156,-0.0646,-0.0187,-0.0212,-0.0967,-0.0835,0.00266,-0.00865,0.0281,0.0103,-0.00103,-0.0156,-0.0475,0.0201,-0.00159,0.000444,0.0368,-0.0113,-0.00983,0.0212,0.0118,-0.0132,-0.00179,0.0301,0.0496,0.0344,0.00492,0.00459,-0.0436,-0.0453,-0.0691,-0.00872,0.0152,-0.0296,-0.0532,-0.118,-0.17,-0.0908,-0.0216,0.0882,0.0988,0.077,0.0577,0.0768,0.0605,0.0713,0.0624,0.0414,0.0301,0.0472
India,-0.0237,-0.0165,-0.0186,-0.0163,-0.0196,-0.019,-0.0253,-0.0191,-0.00904,-0.00317,-0.000961,-0.00335,0.00319,-0.00515,-0.0119,-0.01,0.00572,0.00118,-0.00273,-0.0142,-0.0311,-0.0264,-0.0216,-0.0202,-0.0144,-0.0239,-0.0183,-0.0138,-0.0142,-0.0114,-0.014,0.0000075,-0.00747,0.000169,-0.00302,-0.0118,-0.0116,-0.0124,-0.0166,-0.0191,-0.00906,-0.00876,-0.0098,-0.00697,-0.0179,-0.0279,-0.0319,-0.0409,-0.0517,-0.0547,-0.0445,-0.0654,-0.0672,-0.0298,-0.0299,-0.023,-0.0177,-0.0316,-0.037,-0.0269
Indonesia,-0.0103,-0.0255,-0.00225,-0.0028,-0.00813,-0.0046,-0.0934,-0.0809,-0.0471,-0.0581,-0.0299,-0.0222,-0.0238,0.00573,0.0758,0.00574,0.0134,0.0341,0.0102,0.0648,0.0829,0.0208,-0.0392,-0.0107,0.0452,0.0284,-0.000183,0.0218,0.0283,0.0309,0.0172,0.0186,0.0319,0.0299,0.0115,-0.0133,-0.00616,-0.00275,0.0975,0.0808,0.105,0.0827,0.063,0.0734,0.0467,0.0415,0.0541,0.0404,0.0106,0.0281,0.019,0.0247,-0.00394,-0.0079,-0.00748,0.00383,0.00757,0.00999,-0.0106,-0.00488
Iran,-0.0354,-0.0213,0.00819,0.0287,0.000679,-0.00325,-0.0132,-0.0236,-0.0303,-0.0302,-0.0274,0.0178,0.0144,0.128,0.233,0.0536,0.0897,0.017,0.0125,0.107,-0.15,-0.156,-0.0388,-0.0966,-0.0531,-0.0541,-0.0668,0.0043,-0.0701,-0.0828,-0.105,-0.165,-0.141,0.0478,0.15,0.0821,0.0517,0.0191,-0.0386,0.037,0.0168,-0.0193,0.00655,-0.0142,-0.0078,0.0622,0.0657,0.078,0.0492,0.0172,0.0503,0.0807,0.00885,0.0343,0.0168,0.00469,0.0159,0.011,,
Iraq,,,,,,,,,,,0.171,0.207,0.154,0.217,0.295,0.0976,0.215,0.154,0.25,0.313,0.319,-0.307,-0.401,-0.0831,-0.04,-0.0467,-0.0994,-0.0291,-0.0312,-0.00905,0.0027,-0.0121,-0.00756,-0.00394,-0.000284,-0.000103,-0.0000856,0.215,0.236,0.17,0.261,0.0377,0.214,0.00551,-0.0769,-0.0705,0.124,0.177,0.196,0.00113,0.0534,0.167,0.153,0.0367,0.0439,-0.0608,-0.0782,0.0232,0.0803,-0.0222
Ireland,,,,,,,,,,,-0.0823,-0.0755,-0.0575,-0.0719,-0.144,-0.0659,-0.0841,-0.0955,-0.103,-0.163,-0.136,-0.142,-0.0789,-0.0382,-0.0168,0.00314,0.0107,0.0413,0.0596,0.0538,0.0438,0.0472,0.0726,0.101,0.0942,0.109,0.109,0.12,0.109,0.131,0.138,0.156,0.172,0.152,0.144,0.109,0.0804,0.0827,0.086,0.135,0.166,0.188,0.175,0.188,0.181,0.288,0.156,0.221,0.331,0.144
Israel,,,,,,,,,,,-0.18,-0.146,-0.103,-0.211,-0.189,-0.221,-0.157,-0.102,-0.141,-0.129,-0.102,-0.118,-0.111,-0.102,-0.0817,-0.0577,-0.0448,-0.0818,-0.0527,-0.0368,-0.0493,-0.0787,-0.0596,-0.079,-0.0765,-0.0778,-0.0716,-0.0469,-0.0261,-0.0254,-0.000949,-0.0239,-0.0291,-0.00757,0.000759,-0.00114,0.00141,-0.00927,-0.00644,0.0249,0.0188,-0.00198,-0.000611,0.0179,0.0156,0.0303,0.0158,0.0116,0.00428,
Italy,,,,,,,,,,,0.00228,0.00764,0.00804,-0.0185,-0.0375,0.000641,-0.011,0.0095,0.0209,0.0106,-0.026,-0.0195,-0.0127,0.00476,-0.00426,-0.00412,0.0124,0.00405,0.000449,-0.000194,0.00197,0.00194,0.000447,0.0304,0.0329,0.0366,0.0453,0.0371,0.0303,0.0178,0.0085,0.0126,0.00757,0.00456,0.00589,-0.000988,-0.00821,-0.00339,-0.00767,-0.0062,-0.0186,-0.014,0.011,0.024,0.029,0.0301,0.0329,0.0286,0.0239,0.0307
Jamaica,-0.0481,-0.017,-0.0191,0.00128,-0.0552,-0.0359,0.0158,-0.00758,-0.0524,-0.067,-0.0419,-0.0712,-0.0829,-0.0958,-0.102,-0.103,-0.0885,0.0138,0.0322,-0.00825,0.000272,-0.0862,-0.106,-0.0733,-0.0603,-0.0983,0.0296,0.00334,-0.0416,-0.0879,-0.0381,-0.0118,-0.00945,0.0533,-0.00288,-0.051,-0.0722,-0.0781,-0.0761,-0.0616,-0.119,-0.137,-0.163,-0.149,-0.142,-0.199,-0.205,-0.218,-0.297,-0.179,-0.182,-0.231,-0.217,-0.221,-0.222,-0.163,-0.128,-0.142,-0.131,-0.131
Japan,,,,,,,,,,,0.0115,0.0254,0.0215,-0.000535,-0.00827,-0.000607,0.00667,0.0148,0.0159,-0.00965,-0.00974,0.00613,0.00548,0.0153,0.0245,0.0319,0.0367,0.0277,0.0196,0.0135,0.00777,0.015,0.0205,0.0214,0.019,0.0126,0.00434,0.0106,0.0182,0.0155,0.0143,0.0066,0.0135,0.017,0.0202,0.0151,0.0141,0.0189,0.00449,0.00551,0.0146,-0.00543,-0.0155,-0.0232,-0.0247,-0.00419,0.00991,0.0093,0.00233,
Jordan,,,,,,,,,,,,,,,,,-0.474,-0.498,-0.464,-0.52,-0.449,-0.549,-0.537,-0.455,-0.405,-0.366,-0.252,-0.246,-0.212,-0.183,-0.298,-0.225,-0.315,-0.302,-0.229,-0.208,-0.25,-0.22,-0.192,-0.176,-0.263,-0.247,-0.189,-0.207,-0.298,-0.409,-0.335,-0.37,-0.306,-0.223,-0.205,-0.258,-0.276,-0.292,-0.26,-0.226,-0.207,-0.212,-0.189,-0.132
Kazakhstan,,,,,,,,,,,,,,,,,,,,,,,,,,,,,,,,,-0.0133,-0.0884,-0.101,-0.0457,-0.00736,-0.0253,-0.0452,0.0235,0.0751,-0.0106,-0.000504,0.0537,0.0859,0.0863,0.105,0.0646,0.2,0.0791,0.144,0.198,0.145,0.118,0.137,0.0398,0.0338,0.0797,0.117,0.0865
Kenya,-0.0257,0.0159,0.0191,0.0307,0.0418,0.00701,0.0154,-0.00909,0.00103,0.0144,-0.00838,-0.0655,-0.0214,-0.0128,-0.0722,-0.0469,0.00695,0.0337,-0.0975,-0.0586,-0.0638,-0.0336,-0.049,-0.0226,-0.053,-0.0485,-0.0404,-0.0509,-0.0523,-0.0709,-0.0564,-0.0151,-0.0041,0.0495,0.0281,-0.0656,-0.0691,-0.0868,-0.0856,-0.0653,-0.101,-0.101,-0.0538,-0.0596,-0.0626,-0.0746,-0.0927,-0.101,-0.122,-0.108,-0.129,-0.172,-0.133,-0.133,-0.147,-0.11,-0.0905,-0.109,-0.098,-0.0934
Kiribati,,,,,,,,,,,,,0.047,0.133,0.456,0.398,0.207,0.176,0.087,0.0169,-0.0167,-0.434,-0.396,-0.326,-0.123,-0.165,-0.101,-0.806,-0.634,-0.726,-0.976,-0.728,-1.02,-0.827,-0.625,-0.84,-0.79,-0.718,-0.632,-0.751,-0.814,-0.821,-0.906,-0.754,-0.788,-0.97,-0.786,-0.709,-0.701,-0.734,-0.663,-0.724,-0.768,-0.819,-0.893,-0.918,-0.903,-0.882,-0.791,
Kuwait,,,,,,0.446,0.413,0.311,0.356,0.346,0.357,0.477,0.479,0.498,0.711,0.545,0.454,0.286,0.307,0.492,0.441,0.31,0.0214,0.0978,0.155,0.109,-0.0183,0.154,0.0462,0.11,-0.131,-1.09,-0.137,0.0349,0.0852,0.104,0.131,0.133,-0.0723,0.065,0.263,0.158,0.0801,0.176,0.245,0.357,0.414,0.351,0.408,0.301,0.363,0.473,0.485,0.441,0.37,0.0883,-0.00895,0.0455,0.13,
Kyrgyz Republic,,,,,,,,,,,,,,,,,,,,,,,,,,,,,,,-0.203,-0.013,-0.12,-0.0764,-0.0631,-0.129,-0.258,-0.079,-0.215,-0.148,-0.0574,-0.00298,-0.0376,-0.0657,-0.087,-0.185,-0.373,-0.312,-0.39,-0.24,-0.301,-0.271,-0.509,-0.495,-0.502,-0.406,-0.342,-0.321,-0.357,-0.283
Lao,,,,,,,,,,,,,,,,,,,,,,,,,-0.0358,-0.0573,-0.0409,-0.0793,-0.183,-0.199,-0.132,-0.123,-0.101,-0.0971,-0.148,-0.141,-0.184,-0.174,-0.114,-0.0831,-0.0751,-0.102,-0.0975,-0.136,-0.163,-0.139,-0.0565,-0.12,-0.155,-0.168,-0.14,-0.11,-0.224,-0.218,-0.176,-0.179,-0.0867,,,
Latvia,,,,,,,,,,,,,,,,,,,,,,,,,,,,,,,,,,,,-0.0476,-0.0904,-0.0907,-0.121,-0.0983,-0.0799,-0.104,-0.102,-0.126,-0.156,-0.145,-0.207,-0.19,-0.129,-0.0162,-0.0147,-0.0497,-0.0444,-0.0355,-0.0204,-0.00909,0.00982,0.00156,-0.00186,0.000828
Lebanon,,,,,,,,,,,,,,,,,,,,,,,,,,,,,,-0.732,-0.819,-0.674,-0.611,-0.58,-0.545,-0.515,-0.424,-0.33,-0.272,-0.227,-0.218,-0.243,-0.188,-0.206,-0.209,-0.195,-0.199,-0.237,-0.295,-0.24,-0.251,-0.294,-0.309,-0.329,-0.323,-0.256,-0.242,-0.245,-0.267,-0.203
Lesotho,-0.267,-0.329,-0.334,-0.36,-0.342,-0.378,-0.457,-0.446,-0.431,-0.38,-0.367,-0.42,-0.531,-0.535,-0.634,-0.895,-1.21,-1.01,-0.733,-1.02,-0.891,-0.977,,,,,,,,,,,,,,,,,,,,,,,,,,-0.574,-0.556,-0.681,-0.648,-0.535,-0.653,-0.556,-0.488,-0.437,-0.437,-0.447,-0.436,-0.474
Liberia,,,,,,,,,,,,,,,,,,,,,,,,,,,,,,,,,,,,,,,,,-0.0756,0.0255,0.116,0.00195,-1.55,-1.52,-1.12,-1.61,-1.1,-0.797,-0.735,-0.727,-0.563,-0.618,-0.801,-0.871,-0.788,-0.744,-0.683,-0.7
Libya,,,,,,,,,,,,,,,,,,,,,,,,,,,,,,,0.0855,0.0307,0.0512,-0.033,0.00918,0.0676,0.0476,0.0494,-0.0151,0.0564,0.178,0.0991,0.107,0.24,0.314,0.366,0.453,0.432,0.435,0.164,0.235,0.1,0.349,0.0561,-0.449,-0.343,-0.179,0.102,0.211,0.113
Lithuania,,,,,,,,,,,,,,,,,,,,,,,,,,,,,,,,,,,,-0.106,-0.0929,-0.101,-0.114,-0.0998,-0.0618,-0.0546,-0.0568,-0.0579,-0.0704,-0.0723,-0.103,-0.131,-0.116,-0.0168,-0.0201,-0.0269,0.00612,0.0145,0.0182,-0.00998,0.00779,0.0238,0.0194,0.056
Luxembourg,,,,,,,,,,,0.195,0.109,0.126,0.191,0.279,0.118,0.128,0.111,0.0842,0.114,0.0689,0.0476,0.0608,0.0784,0.101,0.138,0.131,0.0874,0.103,0.137,0.127,0.117,0.156,0.173,0.194,0.203,0.226,0.211,0.195,0.224,0.25,0.235,0.251,0.237,0.249,0.256,0.319,0.333,0.307,0.322,0.329,0.325,0.31,0.32,0.324,0.34,0.354,0.352,0.36,0.36
Madagascar,-0.0659,-0.049,-0.0463,-0.0715,-0.0663,-0.0679,-0.059,-0.0399,-0.0504,-0.05,-0.0243,-0.0658,-0.0406,-0.0463,-0.0468,-0.0503,-0.0236,-0.036,-0.0691,-0.158,-0.0894,-0.0575,-0.0445,-0.0299,-0.0177,-0.0265,-0.0185,-0.0185,-0.0333,-0.0105,-0.0664,-0.0381,-0.0417,-0.0525,-0.0352,-0.034,-0.0183,-0.0459,-0.0451,-0.0423,-0.0454,-0.00895,-0.0655,-0.0664,-0.0986,-0.105,-0.0713,-0.111,-0.189,-0.217,-0.141,-0.11,-0.0909,-0.0982,-0.0541,-0.0444,-0.0265,-0.0354,-0.0514,-0.0689
Malawi,-0.163,-0.156,-0.136,-0.156,-0.0877,-0.138,-0.158,-0.108,-0.153,-0.161,-0.149,-0.12,-0.147,-0.0995,-0.109,-0.168,-0.0843,-0.0463,-0.179,-0.176,-0.14,-0.0583,-0.0635,-0.0757,0.0194,-0.0571,-0.0214,-0.0236,-0.0922,-0.157,-0.0964,-0.0604,-0.192,-0.161,-0.321,-0.177,-0.0905,-0.122,-0.0533,-0.153,-0.0973,-0.111,-0.102,-0.105,-0.138,-0.212,-0.191,-0.0982,-0.167,-0.116,-0.121,-0.0723,-0.155,-0.0695,-0.0592,-0.066,-0.12,-0.07,-0.0722,-0.0459
Malaysia,0.138,0.0689,0.0291,0.0173,0.0173,0.0448,0.0395,0.0244,0.0352,0.102,0.0424,0.0144,-0.0135,0.0563,0.00236,0.00452,0.104,0.0751,0.0556,0.0887,0.025,-0.0618,-0.0871,-0.0496,0.0191,0.0513,0.061,0.139,0.102,0.0606,0.0204,-0.0366,0.0136,-0.000999,-0.016,-0.0393,0.0139,0.00914,0.22,0.251,0.192,0.174,0.173,0.197,0.204,0.219,0.218,0.199,0.223,0.203,0.159,0.156,0.108,0.0854,0.0927,0.0753,0.0665,0.0687,0.0701,0.0759
Maldives,,,,,,,,,,,,,,,,,,,,,-0.516,-0.427,-0.357,-0.342,-0.0977,0.048,0.0733,0.115,0.0718,0.0522,0.0283,-0.0593,-0.0528,-0.126,-0.0147,,,,,,,,,,,,-0.171,0.09,-0.0472,0.099,0.121,0.0529,0.118,0.154,0.147,0.0915,-0.0116,-0.0385,-0.0759,-0.0315
Mali,,,,,,,,-0.125,-0.0787,-0.0781,-0.0573,-0.068,-0.0954,-0.127,-0.281,-0.196,-0.1,-0.0682,-0.182,-0.152,-0.144,-0.155,-0.154,-0.162,-0.178,-0.257,-0.205,-0.149,-0.177,-0.132,-0.153,-0.15,-0.182,-0.145,-0.175,-0.171,-0.148,-0.0938,-0.0767,-0.0952,-0.105,-0.0758,-0.0165,-0.0709,-0.0796,-0.0815,-0.0412,-0.0835,-0.132,-0.0709,-0.123,-0.0846,-0.0341,-0.149,-0.155,-0.156,-0.169,-0.136,-0.11,-0.112
Malta,,,,,,,,,,,-0.272,-0.234,-0.209,-0.18,-0.264,-0.126,-0.111,-0.135,-0.0698,-0.0523,-0.0547,-0.0803,-0.15,-0.139,-0.141,-0.147,-0.0949,-0.0889,-0.0951,-0.103,-0.128,-0.105,-0.0695,-0.0928,-0.0978,-0.0943,-0.0936,-0.0486,-0.0263,-0.023,-0.0764,-0.0177,0.0462,0.00876,-0.0133,-0.0244,-0.0338,0.00564,-0.00248,-0.015,-0.00911,0.0225,0.0465,0.0627,0.123,0.0965,0.138,0.213,0.211,0.202
Marshall Islands,,,,,,,,,,,,,,,,,,,,,,,,,,,,,,,,,,,,-0.622,-0.667,-0.554,-0.623,-0.628,-0.721,-0.676,-0.477,-0.565,-0.521,-0.57,-0.605,-0.601,-0.6,-0.719,-0.722,-0.495,-0.448,-0.555,-0.482,-0.467,-0.412,-0.446,-0.448,
Mauritania,,-0.0731,-0.0995,-0.0043,0.189,0.185,0.195,0.169,0.15,0.146,0.151,0.149,0.0424,0.0512,-0.0266,-0.112,-0.237,-0.248,-0.183,-0.15,-0.168,-0.16,-0.267,-0.164,-0.144,-0.0831,-0.103,-0.0707,-0.0368,0.00314,-0.0576,-0.00736,0.0242,0.0465,0.0671,0.0956,0.0787,0.0403,-0.0247,-0.0388,-0.0791,-0.0963,-0.0724,-0.171,-0.287,-0.347,0.0194,-0.0502,-0.109,-0.0752,-0.0194,0.0188,-0.143,-0.113,-0.168,-0.235,-0.154,-0.138,-0.18,-0.105
Mauritius,,,,,,,,,,,,,,,,,-0.0689,-0.106,-0.123,-0.118,-0.103,-0.105,-0.0281,-0.0036,-0.0335,-0.019,0.0666,0.0206,-0.0496,-0.0733,-0.072,-0.0374,-0.0324,-0.0604,-0.0874,-0.0242,-0.00687,-0.0488,-0.00832,-0.0309,-0.00124,0.062,0.0339,0.019,-0.0182,-0.052,-0.102,-0.0914,-0.133,-0.0908,-0.11,-0.127,-0.119,-0.131,-0.104,-0.0929,-0.0948,-0.125,-0.136,-0.145
Mexico,-0.0316,-0.022,-0.0154,-0.0163,-0.0222,-0.0189,-0.0154,-0.0214,-0.0232,-0.0172,-0.019,-0.0108,-0.0077,-0.0105,-0.0216,-0.0273,-0.0138,0.000969,-0.00569,-0.0126,-0.0215,-0.0239,0.0472,0.0913,0.0746,0.048,0.0376,0.0581,0.014,-0.000653,-0.0111,-0.0292,-0.0504,-0.0327,-0.0394,0.0198,0.0159,-0.00112,-0.0181,-0.0135,-0.0162,-0.0183,-0.0159,-0.0148,-0.016,-0.016,-0.0144,-0.0174,-0.0237,-0.0166,-0.0136,-0.014,-0.0124,-0.0115,-0.0118,-0.0204,-0.0197,-0.0181,-0.0187,-0.000536
"Micronesia, Fed. Sts.",,,,,,,,,,,,,,,,,,,,,,,,-0.809,,,,,,,,,,,,-0.551,-0.653,-0.701,-0.637,-0.618,-0.546,-0.572,-0.536,-0.573,-0.627,-0.591,-0.592,-0.537,-0.626,-0.65,-0.584,-0.575,-0.516,-0.525,-0.422,-0.512,-0.453,-0.411,-0.299,
Moldova,,,,,,,,,,,,,,,,,,,,,,,,,,,,,,,,,,,,-0.0776,-0.186,-0.212,-0.268,-0.129,-0.27,-0.244,-0.249,-0.334,-0.303,-0.407,-0.466,-0.516,-0.528,-0.366,-0.323,-0.335,-0.34,-0.315,-0.308,-0.255,-0.23,-0.234,-0.256,-0.247
Mongolia,,,,,,,,,,,,,,,,,,,,,,-0.472,-0.382,-0.358,-0.359,-0.415,-0.512,-0.415,-0.376,-0.314,-0.221,-0.285,-0.0743,-0.111,-0.099,-0.0102,-0.0693,0.0534,-0.117,-0.119,-0.139,-0.152,-0.171,-0.156,-0.0975,-0.0484,0.0596,0.0135,-0.132,-0.0726,-0.0999,-0.219,-0.224,-0.225,-0.0482,0.01,0.0479,0.0237,-0.0555,-0.0308
Montenegro,,,,,,,,,,,,,,,,,,,,,,,,,,,,,,,,,,,,,,,,,-0.143,-0.236,-0.245,-0.164,-0.161,-0.175,-0.369,-0.427,-0.533,-0.308,-0.257,-0.22,-0.244,-0.201,-0.198,-0.185,-0.225,-0.234,-0.239,-0.213
Morocco,0.00873,-0.0302,-0.0307,-0.0216,0.00353,0.0127,-0.00412,-0.0227,-0.0157,-0.00455,-0.0394,-0.0277,-0.00649,-0.0127,-0.00636,-0.109,-0.188,-0.204,-0.137,-0.129,-0.0867,-0.121,-0.121,-0.071,-0.0909,-0.0829,-0.0652,-0.047,-0.00145,-0.0524,-0.0551,-0.0514,-0.0592,-0.0555,-0.0544,-0.0637,-0.0342,-0.033,-0.0399,-0.0368,-0.0559,-0.03,-0.027,-0.0332,-0.0538,-0.0608,-0.0599,-0.0934,-0.142,-0.119,-0.108,-0.14,-0.153,-0.145,-0.125,-0.076,-0.102,-0.0955,-0.105,-0.0918
Mozambique,,,,,,,,,,,,,,,,,,,,,,,,,,,,,,,,-0.309,-0.379,-0.358,-0.352,-0.381,-0.233,-0.189,-0.169,-0.266,-0.243,-0.121,-0.286,-0.23,-0.178,-0.149,-0.102,-0.0854,-0.0936,-0.107,-0.139,-0.2,-0.441,-0.497,-0.489,-0.318,-0.385,-0.226,-0.365,-0.361
Myanmar,,,,,,,,,,,,,,,,,,,,,,,,,,,,,,,,,,,,,,,,,-0.00088,0.000239,0.000603,0.000492,0.000456,0.00083,0.000662,0.000587,0.0005,0.00038,0.045,-0.0000144,0.00612,0.00689,-0.0208,-0.0796,-0.0914,-0.0573,0.000905,
Namibia,,,,,,,,,,,,,,,,,,,,,0.141,-0.114,-0.0858,-0.0762,-0.0619,0.115,0.103,-0.0492,0.0151,0.0336,-0.0665,-0.0588,-0.0595,-0.0292,-0.0129,-0.0422,-0.058,-0.0765,-0.095,-0.0835,-0.0374,-0.0662,-0.0212,-0.0931,-0.0231,0.0014,0.0398,-0.0534,-0.125,-0.208,-0.129,-0.119,-0.167,-0.228,-0.252,-0.264,-0.245,-0.141,-0.101,-0.119
Nauru,,,,,,,,,,,,,,,,,,,,,,,,,,,,,,,,,,,,,,,,,,,,,,,,,0.167,0.217,0.037,-0.0597,0.17,0.146,-0.132,-0.729,-0.429,-0.461,-0.531,-0.593
Nepal,,,,,,-0.0616,-0.0311,-0.000779,-0.00655,-0.0321,-0.034,-0.0373,-0.0226,-0.0376,-0.051,-0.0447,-0.034,-0.0253,-0.049,-0.0418,-0.0719,-0.0672,-0.0722,-0.111,-0.088,-0.0847,-0.0864,-0.0909,-0.109,-0.112,-0.111,-0.117,-0.0978,-0.103,-0.124,-0.0954,-0.128,-0.114,-0.111,-0.0687,-0.0914,-0.107,-0.108,-0.128,-0.128,-0.149,-0.179,-0.189,-0.205,-0.222,-0.268,-0.24,-0.235,-0.268,-0.292,-0.299,-0.298,-0.334,-0.373,-0.376
Netherlands,,,,,,,,,,0.0116,-0.00162,0.0144,0.0404,0.0467,0.0473,0.0453,0.0434,0.0221,0.013,0.0117,0.0101,0.0491,0.053,0.0436,0.0625,0.0533,0.0444,0.0323,0.0349,0.0402,0.048,0.0511,0.0475,0.0628,0.0652,0.0662,0.0604,0.0638,0.0613,0.0541,0.0654,0.0656,0.0684,0.0665,0.0774,0.0846,0.0859,0.0709,0.0853,0.0758,0.0809,0.0853,0.0974,0.102,0.111,0.075,0.102,0.108,0.11,0.107
New Zealand,,,,,,,,,,,-0.0299,0.00802,0.0305,0.00152,-0.123,-0.0693,-0.0258,-0.016,0.00745,-0.0155,-0.0108,-0.0302,-0.0297,-0.0118,-0.0258,-0.0213,0.00504,0.0224,0.0398,0.00722,0.00916,0.0369,0.0315,0.0365,0.0274,0.0187,0.0158,0.0139,0.0134,0.005,0.0297,0.0363,0.0304,0.0176,0.00287,-0.0145,-0.00386,0.00121,-0.00251,0.0232,0.0229,0.0155,0.00696,0.0161,0.00862,0.0103,0.00871,0.0112,0.000203,
Nicaragua,-0.0252,-0.0115,-0.0247,-0.0142,-0.0163,-0.0311,-0.0701,-0.0858,-0.0371,-0.0279,-0.0246,-0.0224,0.0565,-0.0959,-0.135,-0.089,0.0115,-0.0534,0.0316,0.139,-0.19,-0.194,-0.101,-0.106,-0.13,-0.0706,-0.0806,-0.0199,-0.403,-0.327,-0.214,-0.307,-0.36,-0.274,-0.128,-0.118,-0.148,-0.192,-0.183,-0.255,-0.211,-0.199,-0.204,-0.208,-0.211,-0.229,-0.248,-0.269,-0.279,-0.19,-0.194,-0.218,-0.202,-0.206,-0.167,-0.18,-0.16,-0.137,-0.0932,-0.0486
Niger,-0.00305,-0.0158,-0.0366,-0.0101,-0.0483,-0.0453,-0.0363,-0.0595,-0.0634,-0.0712,-0.0733,-0.0323,-0.0628,-0.0822,-0.167,-0.117,-0.121,-0.0969,-0.053,-0.0833,-0.135,-0.12,-0.151,-0.0609,-0.0407,-0.122,-0.00691,-0.0438,-0.0529,-0.067,-0.0544,-0.0626,-0.0511,-0.0425,-0.0733,-0.0567,-0.0592,-0.0608,-0.0713,-0.061,-0.0603,-0.0611,-0.07,-0.0683,-0.0847,-0.0954,-0.0881,-0.0942,-0.134,-0.197,-0.197,-0.198,-0.13,-0.124,-0.139,-0.169,-0.126,-0.135,-0.15,-0.162
Nigeria,-0.0768,-0.0711,-0.0529,-0.0476,-0.0621,-0.0512,-0.0421,-0.0633,-0.0581,-0.0404,-0.0281,-0.028,-0.00827,0.00568,0.106,-0.0449,-0.0571,0.0235,-0.0421,0.0575,0.102,-0.00992,-0.00392,0.0102,0.0332,0.038,0.0136,0.062,0.054,0.163,0.11,0.115,0.0972,0.0641,0.0404,0.0878,0.0579,0.0584,-0.0299,0.0821,0.231,0.0682,0.0644,0.0417,0.0861,0.0901,0.165,0.0314,0.105,0.012,0.08,0.0996,0.186,0.0505,0.0599,-0.0000003,-0.0229,-0.0000447,-0.0201,
North Macedonia,,,,,,,,,,,,,,,,,,,,,,,,,,,,,,,-0.0955,-0.0282,0.00944,-0.0755,-0.0971,-0.0928,-0.153,-0.249,-0.301,-0.265,-0.143,-0.131,-0.189,-0.158,-0.195,-0.162,-0.17,-0.179,-0.251,-0.216,-0.183,-0.189,-0.215,-0.181,-0.172,-0.162,-0.149,-0.138,-0.126,-0.139
Norway,,,,,,,,,,,-0.00623,-0.0254,0.00756,-0.00384,-0.0268,-0.0578,-0.0836,-0.091,0.00362,0.0233,0.0602,0.072,0.0506,0.0779,0.0874,0.0722,-0.0338,-0.0221,-0.00584,0.0348,0.0625,0.0773,0.0661,0.0627,0.0595,0.0604,0.0876,0.0805,0.0179,0.072,0.168,0.166,0.131,0.127,0.132,0.16,0.169,0.134,0.169,0.114,0.113,0.129,0.131,0.108,0.0933,0.0574,0.0198,0.035,0.0581,0.0175
Oman,,,,,,,,0.113,0.554,0.627,0.54,0.337,0.156,0.126,0.26,0.169,0.164,0.143,0.0959,0.203,0.25,0.266,0.154,0.156,0.127,0.126,-0.0168,0.198,0.0865,,0.196,0.0832,0.0917,0.05,0.0821,0.0848,0.14,0.114,-0.0776,0.111,0.278,0.224,0.212,0.17,0.125,0.272,0.245,0.165,0.213,0.16,0.251,0.298,0.267,0.223,0.236,0.0337,-0.00246,0.0284,0.137,0.156
Pakistan,-0.0604,-0.078,-0.0769,-0.0764,-0.0768,-0.0993,-0.0538,-0.0665,-0.0407,-0.0364,-0.0273,-0.0276,-0.0147,0.00538,-0.0368,-0.0901,-0.0765,-0.0851,-0.0906,-0.108,-0.107,-0.095,-0.109,-0.103,-0.106,-0.12,-0.0781,-0.0528,-0.0557,-0.0628,-0.0546,-0.0155,-0.0315,-0.061,-0.0274,-0.0271,-0.0452,-0.0469,-0.0104,-0.0161,-0.0112,-0.00957,-0.000818,0.00538,0.0094,-0.0353,-0.0741,-0.0656,-0.108,-0.0728,-0.0584,-0.0501,-0.0801,-0.0678,-0.0642,-0.0645,-0.0701,-0.0934,-0.111,-0.102
Palau,,,,,,,,,,,,,,,,,,,,,,,,,,,,,,,,,,,,,,,,,-0.659,-0.397,-0.354,-0.367,-0.44,-0.331,-0.346,-0.27,-0.307,-0.255,-0.264,-0.296,-0.296,-0.282,-0.302,-0.173,-0.193,-0.273,-0.293,
Palestine,,,,,,,,,,,,,,,,,,,,,,,,,,,,,,,,,,,-0.574,-0.572,-0.572,-0.557,-0.529,-0.612,-0.466,-0.52,-0.494,-0.504,-0.587,-0.59,-0.6,-0.584,-0.522,-0.524,-0.437,-0.375,-0.393,-0.379,-0.396,-0.41,-0.391,-0.371,-0.399,
Panama,-0.0859,-0.0648,-0.0399,-0.0743,-0.0447,-0.038,-0.0454,-0.0202,0.00607,-0.0247,-0.058,-0.064,-0.0812,-0.0663,-0.15,-0.118,-0.114,-0.064,-0.0777,-0.14,-0.0744,-0.0914,-0.0317,0.0114,-0.0286,-0.0318,-0.0311,-0.0386,0.0195,-0.0508,-0.0681,-0.115,-0.122,-0.116,-0.115,-0.132,-0.134,-0.114,-0.16,-0.13,-0.0997,-0.0583,-0.0657,-0.0601,-0.0812,-0.0669,-0.0555,-0.0665,-0.105,0.00647,-0.0819,-0.0603,-0.0768,-0.0731,-0.0838,-0.0457,-0.0346,-0.0411,-0.0431,
Papua New Guinea,,-0.12,-0.117,-0.136,-0.16,-0.199,-0.233,-0.223,-0.212,-0.27,-0.355,-0.369,-0.17,0.101,0.0704,-0.0619,0.00993,-0.0129,-0.0348,-0.0011,-0.101,-0.205,-0.237,-0.173,-0.137,-0.103,-0.0778,-0.0651,-0.0867,-0.121,-0.0832,-0.0989,0.0215,0.157,0.138,0.173,0.11,-0.00893,0.0522,0.102,0.169,0.131,0.0291,0.154,0.132,,,,,,,,,,,,,,,
Paraguay,,,-0.0205,-0.0141,-0.0208,-0.00794,-0.029,-0.0341,-0.0442,-0.0462,-0.012,-0.0257,-0.000722,0.00694,-0.0165,-0.0465,-0.0338,-0.0299,-0.0369,-0.055,-0.062,-0.0681,-0.0762,-0.0663,-0.0438,-0.000451,0.0144,0.00263,0.117,0.208,0.131,0.125,0.102,0.0624,-0.0144,0.0549,0.0245,0.0101,0.0767,0.0803,0.0802,0.0868,0.155,0.132,0.113,0.102,0.0785,0.0775,0.0355,0.0509,0.029,0.0198,0.0119,0.0371,0.02,0.0149,0.0537,0.0408,0.0117,0.00189
Peru,-0.000599,-0.0139,-0.0199,-0.0313,-0.00287,-0.0332,-0.036,-0.0475,-0.00766,0.00643,0.0184,-0.00935,-0.00647,-0.0202,-0.0723,-0.108,-0.0796,-0.0664,0.00655,0.0842,0.034,-0.0416,-0.0343,0.00234,0.0444,0.0741,-0.0163,-0.0202,-0.0302,0.00123,0.0192,-0.0225,-0.0295,-0.0387,-0.0338,-0.0573,-0.0502,-0.0452,-0.0555,-0.0241,-0.02,-0.0186,-0.007,0.00405,0.0389,0.0634,0.0929,0.0736,0.0102,0.0477,0.0398,0.0502,0.0228,-0.00171,-0.0164,-0.0259,-0.00188,0.0193,0.0184,0.0125
Philippines,0.00472,-0.0143,-0.0229,0.0166,-0.00306,0.00424,0.0215,-0.0064,-0.0259,-0.0305,0.00532,0.000399,0.00211,0.0488,-0.0233,-0.0609,-0.0592,-0.0307,-0.0427,-0.0508,-0.049,-0.0334,-0.058,-0.0674,-0.0105,0.0212,0.0395,0.00421,0.0145,-0.0216,-0.0577,-0.0299,-0.049,-0.0845,-0.0631,-0.0782,-0.0879,-0.103,-0.0913,-0.0393,0.0154,-0.0259,-0.0383,-0.0296,-0.0347,-0.0139,0.0164,0.0238,-0.00967,-0.00448,-0.00355,-0.0258,-0.0291,-0.0347,-0.0276,-0.0473,-0.0843,-0.0906,-0.117,-0.119
Poland,,,,,,,,,,,,,,,,,,,,,,,,,,,,,,,,,,,,0.0224,-0.0129,-0.0376,-0.047,-0.0577,-0.0633,-0.0362,-0.0341,-0.0265,-0.0268,-0.0106,-0.0206,-0.0353,-0.0504,-0.00857,-0.02,-0.0196,-0.0044,0.0195,0.0144,0.0309,0.0404,0.0418,0.0343,0.0526
Portugal,,,,,,,,,,,-0.0499,-0.0537,-0.0356,-0.0536,-0.118,-0.0957,-0.104,-0.117,-0.0961,-0.0834,-0.113,-0.149,-0.144,-0.0982,-0.0605,-0.0303,-0.0203,-0.049,-0.0793,-0.0594,-0.0672,-0.0727,-0.0739,-0.0697,-0.0691,-0.0638,-0.0711,-0.08,-0.0917,-0.104,-0.11,-0.102,-0.0816,-0.064,-0.0787,-0.0878,-0.0783,-0.0756,-0.0955,-0.0691,-0.0764,-0.0419,-0.00495,0.011,0.0015,0.00739,0.0115,0.0101,0.00415,0.000548
Qatar,,,,,,,,,,,,,,,,,,,,,,,,,,,,,,,,,,,0.111,0.0101,0.0394,0.121,0.111,0.343,0.45,0.368,0.322,0.332,0.38,0.354,0.271,0.244,0.333,0.221,0.386,0.465,0.472,0.431,0.37,0.204,0.0588,0.138,0.192,0.138
Romania,,,,,,,,,,,,,,,,,,,,,,,,,,,,,,,-0.0945,-0.0393,-0.0841,-0.0497,-0.0206,-0.0503,-0.0787,-0.0681,-0.0781,-0.0465,-0.0534,-0.0772,-0.0568,-0.0775,-0.0914,-0.103,-0.121,-0.141,-0.129,-0.0643,-0.0644,-0.0581,-0.0512,-0.00778,-0.0044,-0.00621,-0.00927,-0.0212,-0.03,-0.0386
Russia,,,,,,,,,,,,,,,,,,,,,,,,,,,,,,0.0089,0.00217,0.00286,0.141,0.0771,0.0456,0.034,0.0422,0.022,0.0667,0.17,0.2,0.127,0.108,0.114,0.123,0.137,0.127,0.0862,0.0924,0.0744,0.0808,0.0808,0.0666,0.054,0.0642,0.0805,0.0519,0.0531,0.099,0.0755
Rwanda,0.0235,0.0164,-0.0352,-0.0672,-0.00615,-0.0484,-0.0872,-0.049,-0.064,-0.0668,-0.0373,-0.0666,-0.0797,-0.0184,-0.0917,-0.0853,-0.0482,-0.0339,-0.0902,-0.0171,-0.119,-0.119,-0.126,-0.0918,-0.0703,-0.091,-0.0757,-0.117,-0.11,-0.111,-0.0845,-0.107,-0.127,-0.153,-0.585,-0.207,-0.202,-0.179,-0.176,-0.183,-0.186,-0.158,-0.167,-0.151,-0.136,-0.138,-0.121,-0.0895,-0.162,-0.169,-0.169,-0.158,-0.181,-0.173,-0.0913,-0.1,-0.0969,-0.124,-0.113,-0.156
Samoa,,,,,,,,,,,,,,,,,,,,,,,,,,,,,,,,,,,,,,,,,,,-0.191,-0.139,-0.14,-0.196,-0.23,-0.249,-0.188,-0.215,-0.237,-0.25,-0.29,-0.228,-0.266,-0.213,-0.186,-0.156,-0.161,-0.151
San Marino,,,,,,,,,,,,,,,,,,,,,,,,,,,,,,,,,,,,,,,,,,,,,,,,,,,,,,,,0.745,0.73,0.688,,
Saudi Arabia,,,,,,,,,0.23,0.232,0.292,0.361,0.433,0.788,0.497,0.516,0.355,0.249,0.0772,0.206,0.362,0.327,0.116,-0.0921,-0.107,-0.0657,-0.0908,-0.0627,-0.0388,-0.0433,0.0896,0.0192,0.0312,0.00899,0.0793,0.0963,0.134,0.131,0.0318,0.115,0.186,0.157,0.173,0.219,0.269,0.321,0.297,0.25,0.281,0.0932,0.166,0.266,0.25,0.211,0.131,-0.0543,0.00426,0.0551,0.132,0.099
Senegal,0.025,0.0243,0.0219,-0.00387,-0.00755,0.00564,0.00433,-0.0129,-0.0534,-0.0609,-0.0295,-0.0531,-0.0279,-0.0773,-0.0412,-0.036,-0.0576,-0.062,-0.106,-0.077,-0.145,-0.198,-0.143,-0.166,-0.152,-0.114,-0.0809,-0.0771,-0.073,-0.0644,-0.0678,-0.0783,-0.0839,-0.0911,-0.0731,-0.0646,-0.0578,-0.0624,-0.0657,-0.07,-0.0929,-0.0904,-0.104,-0.121,-0.126,-0.154,-0.175,-0.177,-0.208,-0.133,-0.123,-0.147,-0.167,-0.159,-0.149,-0.128,-0.11,-0.138,-0.145,-0.149
Serbia,,,,,,,,,,,,,,,,,,,,,,,,,,,,,,,,,,,,-0.0306,-0.0671,-0.0751,-0.0483,-0.0457,-0.0493,-0.152,-0.167,-0.149,-0.24,-0.171,-0.18,-0.21,-0.218,-0.133,-0.122,-0.128,-0.138,-0.0822,-0.0808,-0.0698,-0.0481,-0.0659,-0.0852,-0.0875
Seychelles,,,,,,,,,,,,,,,,,-0.619,-0.537,-0.499,-0.492,-0.527,-0.491,-0.558,-0.46,-0.409,-0.419,-0.419,-0.365,-0.448,-0.428,-0.352,-0.329,-0.331,-0.395,-0.32,-0.354,-0.475,-0.404,-0.429,-0.463,-0.0643,-0.198,-0.0752,0.0237,-0.0755,-0.217,-0.162,-0.0119,-0.107,-0.0903,-0.143,-0.156,-0.178,-0.0119,-0.112,-0.0503,-0.122,-0.121,-0.141,-0.175
Sierra Leone,,,,,-0.00439,-0.0242,-0.0384,-0.0424,-0.0316,0.0244,0.0174,-0.0112,-0.0126,0.0124,-0.0204,-0.0936,-0.0739,-0.0701,-0.0419,-0.0718,-0.154,-0.167,-0.102,-0.11,-0.0178,-0.0179,-0.0309,0.0878,0.143,0.0625,0.00689,0.0225,-0.0131,-0.0429,0.0386,-0.0785,-0.147,-0.0188,-0.0721,-0.0609,-0.213,-0.197,-0.213,-0.181,-0.126,-0.117,-0.0818,-0.0909,-0.122,-0.144,-0.177,-0.482,-0.275,-0.302,-0.217,-0.281,-0.296,-0.22,-0.218,
Singapore,-0.137,-0.146,-0.104,-0.146,-0.109,-0.111,-0.0722,-0.0735,-0.0548,-0.0945,-0.19,-0.204,-0.156,-0.0906,-0.15,-0.0933,-0.0694,-0.0147,-0.0373,-0.0566,-0.0692,-0.0341,-0.0183,0.00584,-0.00195,0.003,0.0264,0.0297,0.0956,0.11,0.101,0.132,0.121,0.0988,0.162,0.168,0.164,0.147,0.215,0.17,0.123,0.165,0.184,0.28,0.264,0.299,0.307,0.313,0.207,0.235,0.263,0.276,0.242,0.231,0.234,0.273,0.262,0.254,0.284,0.279
Slovak Republic,,,,,,,,,,,,,,,,,,,,,,,,,,,,,,,-0.0954,-0.0468,-0.0658,-0.0729,0.0228,-0.00699,-0.132,-0.104,-0.11,-0.0479,-0.0238,-0.0744,-0.0643,-0.00479,-0.0156,-0.0312,-0.0215,0.00432,-0.0177,-0.00168,-0.0031,0.00705,0.0552,0.056,0.0482,0.0307,0.0295,0.0221,0.0201,0.0104
Slovenia,,,,,,,,,,,,,,,,,,,,,,,,,,,,,,,0.0997,0.0739,0.0553,0.00273,0.0125,-0.0224,-0.0125,-0.0114,-0.0169,-0.0433,-0.0368,-0.0104,0.00991,-0.00317,-0.0145,-0.0064,-0.00048,-0.0133,-0.0211,0.0141,0.0106,0.0122,0.034,0.0468,0.0675,0.08,0.0855,0.09,0.0873,0.0914
Solomon Islands,,,,,,,,,,,,,,,,,,,,,,-0.424,-0.266,-0.337,-0.18,-0.292,-0.382,-0.231,-0.275,-0.383,-0.346,-0.429,-0.284,-0.302,-0.32,-0.223,-0.214,-0.269,-0.165,-0.0642,-0.145,-0.194,-0.104,-0.0527,-0.114,-0.205,-0.211,-0.224,-0.229,-0.183,-0.318,-0.115,-0.0147,-0.0975,-0.104,-0.0824,,,,
Somalia,-0.0443,-0.0709,-0.147,-0.101,-0.145,-0.0349,-0.0762,-0.086,-0.0663,-0.0766,-0.0523,-0.0665,-0.0481,-0.13,-0.225,-0.144,-0.138,-0.39,-0.303,-0.512,-0.553,-0.436,-0.421,-0.491,-0.465,-0.13,-0.224,-0.245,-0.174,-0.372,-0.28,,,,,,,,,,,,,,,,,,,,,,,,,,,,,
South Africa,0.0499,0.0802,0.0875,0.0542,0.0192,-0.0107,0.0214,0.00345,0.0302,0.00534,-0.0344,-0.0408,0.0246,0.0252,-0.00548,-0.0239,-0.0118,0.0486,0.0651,0.0916,0.078,-0.0195,-0.00402,0.0361,0.0176,0.0857,0.0852,0.096,0.0629,0.0514,0.0531,0.0415,0.0392,0.0453,0.0218,0.0066,0.0149,0.0113,0.0111,0.0253,0.0288,0.0395,0.038,0.0237,-0.00144,-0.00256,-0.0173,-0.0134,-0.0162,0.00406,0.0124,0.00809,-0.0145,-0.023,-0.015,-0.0131,0.00524,0.0128,0.00344,0.00503
South Korea,-0.0936,-0.0992,-0.117,-0.107,-0.0742,-0.072,-0.0978,-0.106,-0.125,-0.118,-0.0968,-0.103,-0.0484,-0.0373,-0.111,-0.0868,-0.0282,-0.0183,-0.0423,-0.0723,-0.0865,-0.0725,-0.0549,-0.0214,0.0044,0.0109,0.0383,0.0663,0.0627,0.018,-0.00762,-0.0227,-0.00615,0.00426,-0.00524,-0.0102,-0.0305,-0.00832,0.106,0.0542,0.0178,0.0135,0.0119,0.0162,0.0349,0.0224,0.00601,0.0091,-0.00233,0.0424,0.0281,0.0111,0.0273,0.0463,0.0505,0.0685,0.0666,0.0475,0.046,0.0294
South Sudan,,,,,,,,,,,,,,,,,,,,,,,,,,,,,,,,,,,,,,,,,,,,,,,,,0.348,0.258,0.319,0.389,0.14,-0.313,0.121,0.0775,,,,
Spain,,,,,,,,,,,-0.0156,0.00132,-0.00503,-0.0146,-0.0533,-0.0433,-0.0494,-0.0266,0.000339,-0.00428,-0.0298,-0.0281,-0.0257,-0.0162,0.0106,0.00863,0.0105,-0.0087,-0.0211,-0.0418,-0.0416,-0.0396,-0.036,-0.0153,-0.0102,-0.0112,-0.0018,0.00173,-0.00458,-0.0193,-0.0296,-0.0227,-0.0199,-0.0221,-0.037,-0.048,-0.0569,-0.0578,-0.0474,-0.00871,-0.0102,0.00277,0.0207,0.0393,0.031,0.0304,0.0399,0.0358,0.0271,0.0282
Sri Lanka,-0.0296,-0.00948,-0.0141,-0.0174,-0.0211,0.00408,-0.0348,-0.0284,-0.0297,-0.0622,-0.0315,-0.02,-0.0157,-0.0121,-0.0747,-0.0747,-0.0233,0.0366,-0.0477,-0.12,-0.226,-0.161,-0.189,-0.151,-0.0594,-0.12,-0.116,-0.105,-0.108,-0.095,-0.0788,-0.101,-0.0926,-0.0955,-0.118,-0.104,-0.0893,-0.0706,-0.0601,-0.0778,-0.106,-0.0624,-0.0651,-0.0603,-0.0882,-0.0893,-0.11,-0.104,-0.137,-0.0649,-0.0726,-0.132,-0.119,-0.0862,-0.0807,-0.0753,-0.0729,-0.0722,-0.0739,-0.0612
St. Kitts and Nevis,,,,,,,,,,,,,,,,,,-0.111,-0.0787,-0.163,-0.212,-0.203,-0.214,-0.305,-0.199,-0.158,-0.112,-0.15,-0.184,-0.209,-0.23,-0.159,-0.0509,-0.0962,-0.0752,-0.171,-0.197,-0.149,-0.125,-0.146,-0.228,-0.187,-0.207,-0.187,-0.0901,-0.0926,-0.132,-0.164,-0.268,-0.255,-0.204,-0.138,-0.0915,-0.0656,0.0873,0.00441,-0.0538,-0.0372,0.0169,0.0469
St. Vincent and the Grenadines,,,,,,,,,,,,,,,,,,-0.325,-0.182,-0.333,-0.366,-0.228,-0.224,-0.187,-0.106,-0.0444,-0.059,-0.129,-0.0587,-0.218,-0.0919,-0.163,-0.0853,-0.152,-0.2,-0.121,-0.112,-0.232,-0.245,-0.161,-0.0531,-0.0779,-0.079,-0.142,-0.168,-0.165,-0.186,-0.277,-0.317,-0.29,-0.302,-0.287,-0.309,,,,,,,
Sudan,0.0156,-0.0103,-0.00432,-0.0134,-0.024,-0.00814,0.00368,-0.00429,-0.0173,0.00295,-0.000684,-0.0154,-0.00648,-0.0217,-0.0802,-0.106,-0.0792,-0.0725,-0.0729,-0.094,-0.126,-0.14,-0.145,-0.106,-0.0801,-0.0613,-0.0348,-0.0561,-0.039,-0.04,-0.0304,-0.084,-0.0918,-0.0301,-0.0523,-0.0483,-0.0771,-0.0717,-0.0847,-0.0916,0.0256,-0.014,-0.0344,-0.0234,-0.0227,-0.0922,-0.076,-0.0078,0.0451,-0.0403,0.00691,-0.0293,-0.0628,-0.0605,-0.0316,-0.0274,-0.027,-0.0212,-0.021,-0.0146
Suriname,,,,,,,,,,,,,,,,,,,,,,,,,,,,,,,,,,,,,,,,,,,,,,,0.0733,0.0687,0.0465,0.00329,0.141,,,,,,,,,
Sweden,-0.00639,0.00359,0.00236,0.00154,0.0015,-0.00869,-0.00702,-0.00118,-0.00249,-0.00419,-0.00391,0.0117,0.015,0.0265,-0.00521,-0.000308,-0.0138,-0.0136,0.0108,-0.00753,-0.0156,-0.000781,-0.00437,0.0182,0.0319,0.0132,0.0271,0.0149,0.0127,0.00127,0.000211,0.011,0.0114,0.0269,0.0335,0.0565,0.0552,0.0626,0.057,0.0532,0.0504,0.0525,0.0528,0.0541,0.0679,0.0628,0.0678,0.0606,0.0561,0.054,0.0511,0.0475,0.0477,0.0424,0.036,0.0381,0.0306,0.0253,0.0223,0.0353
Switzerland,,,,,,,,,,,-0.000909,0.0000491,0.00764,0.00521,-0.00407,0.054,0.0608,0.0538,0.0512,0.0151,-0.0209,0.00777,0.0078,-0.00864,0.0307,0.0283,0.0102,0.0154,0.0156,0.0152,0.00517,0.0175,0.0299,0.0438,0.0445,0.0427,0.0381,0.0511,0.0454,0.0475,0.0613,0.0561,0.0672,0.0669,0.0895,0.0725,0.0846,0.113,0.105,0.0753,0.107,0.0843,0.104,0.121,0.117,0.117,0.115,0.106,0.122,0.126
Syria,-0.0644,-0.0478,-0.0063,-0.0174,-0.025,0.0000007,-0.0533,-0.034,-0.0315,-0.0458,-0.0359,-0.0505,-0.0562,-0.0373,-0.0979,-0.128,-0.15,-0.229,-0.167,-0.172,-0.175,-0.176,-0.112,-0.137,-0.118,-0.128,-0.112,-0.135,-0.0936,-0.0488,0.00388,-0.0767,-0.114,-0.13,-0.123,-0.069,-0.0626,-0.0138,-0.00366,0.00325,0.0681,0.0614,0.0753,0.049,0.00242,-0.0124,0.00781,0.0081,,,,,,,,,,,,
Tajikistan,,,,,,,,,,,,,,,,,,,,,,,,,,,,,,,,,,-0.131,-0.102,-0.0635,-0.0346,-0.0675,-0.0917,-0.0141,-0.0185,-0.104,-0.131,-0.0981,-0.108,-0.185,-0.248,-0.538,-0.465,-0.37,-0.436,-0.469,-0.486,-0.496,-0.363,-0.318,-0.291,-0.252,,
Tanzania,,,,,,,,,,,,,,,,,,,,,,,,,,,,,,,-0.248,-0.234,-0.269,-0.297,-0.23,-0.174,-0.12,-0.0947,-0.0589,-0.0469,-0.0236,-0.00356,0.0106,-0.00263,-0.0152,-0.0299,-0.0594,-0.084,-0.101,-0.0714,-0.0843,-0.129,-0.0963,-0.106,-0.0922,-0.0655,-0.0272,-0.0196,,
Thailand,-0.0127,0.00225,-0.0196,-0.0324,-0.0142,-0.0121,-0.00331,-0.0205,-0.0374,-0.04,-0.0436,-0.0282,-0.00995,-0.0144,-0.0237,-0.0461,-0.0247,-0.0542,-0.0423,-0.0673,-0.0626,-0.0627,-0.0171,-0.0716,-0.0427,-0.0273,0.0203,0.0056,-0.0139,-0.0256,-0.0752,-0.0654,-0.0401,-0.0411,-0.0476,-0.0669,-0.0624,0.0142,0.156,0.122,0.0838,0.0623,0.0632,0.0635,0.0453,-0.0105,0.0326,0.0787,0.024,0.0961,0.0572,0.0203,0.00228,0.0188,0.0588,0.104,0.136,0.125,0.0884,0.0918
Timor-Leste,,,,,,,,,,,,,,,,,,,,,,,,,,,,,,,,,,,,,,,,,-1.54,-1.49,-1.65,-1.09,-0.924,-0.604,-0.804,-1.09,-1.17,-1.39,-1.17,-1.26,-1.16,-0.685,-0.736,-0.538,-0.535,-0.518,-0.575,
Togo,-0.00418,0.0902,0.0462,-0.044,-0.00507,0.0087,0.0766,0.103,0.129,0.136,0.108,0.0694,0.008,0.00124,0.371,-0.103,0.00778,-0.11,-0.129,-0.262,-0.0529,-0.0673,-0.0852,-0.0127,-0.021,-0.087,-0.117,-0.0938,-0.0894,-0.0917,-0.119,-0.0809,-0.0922,-0.0771,-0.0371,-0.0497,-0.109,-0.158,-0.136,-0.101,-0.122,-0.147,-0.123,-0.126,-0.151,-0.157,-0.163,-0.175,-0.16,-0.147,-0.155,-0.208,-0.14,-0.198,-0.18,-0.22,-0.183,-0.106,-0.11,-0.12
Tonga,,,,,,,,,,,,,,,,-0.295,-0.297,-0.233,-0.391,-0.437,-0.377,-0.419,-0.37,-0.505,-0.363,-0.421,-0.442,-0.337,-0.44,-0.377,-0.312,-0.377,-0.253,-0.277,-0.289,-0.384,-0.38,-0.305,-0.397,-0.199,-0.246,-0.321,-0.37,-0.372,-0.373,-0.39,-0.371,-0.458,-0.362,-0.5,-0.478,-0.454,-0.437,-0.422,-0.406,-0.477,-0.407,-0.467,-0.536,
Tunisia,,,,,,0.0465,0.0756,0.0668,0.101,0.0947,-0.0275,-0.00329,0.00609,-0.00356,0.0316,-0.0187,-0.0493,-0.0843,-0.0777,-0.0299,-0.0536,-0.0847,-0.105,-0.0836,-0.114,-0.0603,-0.0712,-0.00989,0.0036,-0.0332,-0.0705,-0.0495,-0.0693,-0.0752,-0.0294,-0.0391,-0.015,-0.0227,-0.0294,-0.0195,-0.0336,-0.0392,-0.0377,-0.0342,-0.0251,-0.00387,-0.0188,-0.019,-0.0304,-0.0294,-0.0515,-0.0747,-0.0944,-0.0952,-0.11,-0.109,-0.107,-0.126,-0.132,-0.109
Turkey,-0.0162,-0.0167,-0.0237,-0.0279,-0.00994,-0.00836,-0.0158,-0.00852,-0.014,-0.0114,-0.0193,-0.0293,-0.0253,-0.0206,-0.0555,-0.0681,-0.0581,-0.0689,-0.0314,-0.0266,-0.0677,-0.0467,-0.0315,-0.0408,-0.0407,-0.0311,-0.0279,-0.0218,0.011,-0.0158,-0.0421,-0.0279,-0.0295,-0.0567,0.00978,-0.0446,-0.0628,-0.0581,0.00862,-0.00246,-0.031,0.0376,0.0146,-0.0112,-0.0262,-0.034,-0.0485,-0.0485,-0.0425,-0.00785,-0.05,-0.0814,-0.0491,-0.0581,-0.0389,-0.0261,-0.0289,-0.0451,-0.011,0.0183
Turkmenistan,,,,,,,,,,,,,,,,,,,,,,,,,,,,,,,,0.119,0.289,0.233,-0.00347,-0.00234,-0.0335,-0.257,-0.369,-0.191,0.0689,0.00998,0.0712,0.0201,0.000677,0.074,0.178,0.173,0.2,-0.108,-0.0505,0.0853,0.0833,0.0109,0.0247,-0.0995,-0.177,-0.0864,0.102,
Uganda,0.0551,0.0277,0.0266,0.0441,0.068,0.0122,0.00242,0.00912,0.0132,0.0119,0.0323,-0.0414,0.0261,0.034,-0.00326,-0.0227,0.0178,0.0135,-0.0521,0.0187,-0.0659,-0.0598,-0.0914,-0.0498,-0.0163,-0.0127,-0.0243,-0.098,-0.102,-0.101,-0.121,-0.145,-0.155,-0.141,-0.104,-0.0904,-0.115,-0.0744,-0.108,-0.115,-0.114,-0.123,-0.139,-0.138,-0.101,-0.106,-0.131,-0.133,-0.077,-0.0992,-0.107,-0.142,-0.126,-0.102,-0.0617,-0.12,-0.0641,-0.0351,-0.0655,-0.0729
Ukraine,,,,,,,,,,,,,,,,,,,,,,,,,,,,,,-0.000652,-0.0108,0.0217,0.0199,-0.00313,-0.0317,-0.0308,-0.0255,-0.0306,-0.0227,0.0546,0.0503,0.0103,0.0367,0.0191,0.0674,0.00314,-0.0316,-0.0589,-0.0808,-0.0204,-0.0403,-0.0661,-0.0865,-0.0924,-0.0351,-0.0261,-0.0692,-0.0769,-0.0872,-0.0783
United Arab Emirates,,,,,,,,,,,,,,,,,,,,,,,,,,,,,,,,,,,,,,,,,,0.0845,0.0594,0.0955,0.105,0.156,0.178,0.0797,0.0922,0.0584,0.206,0.285,0.362,0.358,0.306,0.265,0.253,0.242,0.264,0.24
United Kingdom,,,,,,,,,,,0.00816,0.0134,-0.0012,-0.0234,-0.0485,-0.0172,-0.0113,0.00691,0.0131,0.00357,0.0218,0.0282,0.019,0.00957,-0.000641,0.011,-0.00604,-0.00939,-0.0327,-0.0365,-0.0186,-0.00382,-0.0072,-0.00367,-0.000272,0.00273,0.00168,0.00498,-0.00617,-0.0139,-0.0173,-0.022,-0.0258,-0.022,-0.0255,-0.024,-0.0205,-0.0198,-0.0215,-0.0161,-0.02,-0.00905,-0.0117,-0.0128,-0.0139,-0.0138,-0.0162,-0.0121,-0.0139,-0.0117
United States,,,,,,,,,,,0.00368,0.000533,-0.00264,0.00288,-0.000527,0.00948,-0.000871,-0.0111,-0.0108,-0.00858,-0.00457,-0.0039,-0.00597,-0.0142,-0.0254,-0.0263,-0.0288,-0.0298,-0.0209,-0.0154,-0.0131,-0.00465,-0.00533,-0.0095,-0.0127,-0.0117,-0.0119,-0.0119,-0.018,-0.0266,-0.0366,-0.0348,-0.0389,-0.0439,-0.0507,-0.0553,-0.0558,-0.0497,-0.0491,-0.0274,-0.0343,-0.0373,-0.0351,-0.0292,-0.029,-0.0285,-0.0277,-0.0295,-0.0311,-0.0296
Uruguay,-0.0483,-0.00568,-0.0309,0,0.00597,0.0692,0.0564,0.0143,0.0298,0.0127,-0.0132,-0.0115,0.00542,0.00912,-0.0251,-0.035,-0.00519,-0.0276,-0.0231,-0.0433,-0.056,-0.0383,-0.0296,0.0209,0.0521,0.0566,0.0595,0.0244,0.0432,0.0579,0.0544,0.0283,0.00822,-0.00433,-0.00615,-0.00104,-0.00188,-0.0279,-0.028,-0.0319,-0.0332,-0.027,0.0121,0.0311,0.0275,0.0193,-0.0138,-0.0103,-0.048,0.00804,0.00987,-0.00403,-0.0322,-0.0301,-0.02,-0.00373,0.0154,0.0309,0.0202,0.0242
Uzbekistan,,,,,,,,,,,,,,,,,,,,,,,,,,,,,,,,,,,,,,-0.0298,-0.0029,-0.00261,0.0527,0.0257,0.0289,0.0602,0.0698,0.0609,0.0556,0.0493,0.0259,0.00652,0.0817,0.0646,0.0127,0.00595,-0.00484,0.00223,0.0000618,-0.0208,-0.105,-0.106
Vanuatu,,,,,,,,,,,,,,,,,,,,,-0.0862,-0.0236,-0.0253,-0.127,-0.0456,-0.203,-0.3,-0.285,-0.246,-0.255,-0.259,-0.151,-0.0967,-0.0924,-0.0836,-0.0873,-0.0716,0.0173,-0.102,-0.165,-0.088,-0.119,-0.0708,-0.0502,-0.0751,-0.0941,-0.07,-0.0686,-0.125,-0.0717,-0.0611,-0.0563,-0.0175,-0.0347,-0.00836,,,,,
Venezuela,0.123,0.148,0.158,0.169,0.122,0.0995,0.105,0.0976,0.0579,0.046,0.0446,0.0627,0.033,0.0951,0.244,0.0787,0.0086,-0.0795,-0.132,0.0149,0.0788,0.056,-0.0296,0.0966,0.0751,0.0566,-0.00416,-0.0183,-0.0646,0.126,0.186,0.0496,-0.0247,-0.00216,0.0829,0.0512,0.147,0.0727,-0.0176,0.0375,0.116,0.0333,0.123,0.171,0.17,0.192,0.144,0.0606,0.0981,-0.0238,0.109,0.102,0.0194,-0.0475,-0.147,,,,,
Vietnam,,,,,,,,,,,,,,,,,,,,,,,,,,,-0.0997,-0.088,-0.111,-0.102,-0.0924,-0.0512,-0.0409,-0.0877,-0.0945,-0.091,-0.11,-0.0814,-0.073,-0.0285,-0.0357,-0.0183,-0.0722,-0.11,-0.136,-0.0332,-0.0288,-0.136,-0.136,-0.0949,-0.0821,-0.0413,0.035,0.0216,0.0328,0.00791,0.0256,0.028,0.0336,0.0319
Zambia,,,,,,,,,,,,,,,,,,,,,,,,,,,,,,,,,,,-0.0075,-0.0342,-0.0686,-0.0353,-0.0701,-0.0969,-0.125,-0.144,-0.106,-0.109,-0.0373,-0.00979,0.0733,0.0141,-0.0162,0.0238,0.0615,0.0473,0.0107,-0.0363,-0.0242,-0.1,-0.0331,-0.016,0.01,0.0000775
Zimbabwe,,,,,,,,,,,,,,,,-0.0167,0.0236,0.0118,0.0204,-0.00861,-0.0316,-0.0648,-0.0529,-0.0303,-0.00244,0.00198,0.0253,0.0274,0.0338,0.0162,0.000744,-0.0328,-0.0926,-0.0173,-0.0192,-0.0268,0.00191,-0.0701,-0.0173,0.0389,0.0225,0.0202,-0.0314,-0.0566,-0.071,-0.0895,-0.109,-0.086,-0.266,-0.228,-0.238,-0.199,-0.238,-0.147,-0.128,-0.184,-0.113,-0.107,-0.12,
